2025-06-13 19:46:38,106 - INFO - Random Forest Modeling Pipeline Initialized. Results will be saved to: /scratch/s5107318/ds005873-download/derivatives/patient_specific_rf_results
2025-06-13 19:46:38,106 - INFO - Args: Namespace(base_path='/scratch/s5107318/ds005873-download', eeg_deriv_dir='eeg_paired_by_subject', ecg_deriv_dir='ecg_paired_by_subject', results_dir='patient_specific_rf_results', n_splits=5, n_repeats=3)
2025-06-13 19:46:38,106 - INFO - --- Loading and processing data for sub-001 ---
2025-06-13 19:46:39,709 - INFO - Extracting features from EEG data...
2025-06-13 19:46:40,287 - INFO - Extracting features from ECG data...
2025-06-13 19:46:40,573 - INFO - Loaded and processed 200 aligned windows for sub-001.
2025-06-13 19:46:40,577 - INFO - --- Running Cross-Validation for sub-001 - EEG_Only ---
2025-06-13 19:46:43,945 - INFO - --- CV Summary for sub-001 - EEG_Only ---
        accuracy    roc_auc  f1_seizure  recall_seizure  precision_seizure
count  15.000000  15.000000   15.000000       15.000000          15.000000
mean    0.973333   0.943950    0.675556        0.733333           0.700000
std     0.027495   0.135697    0.329132        0.371612           0.373741
min     0.900000   0.473684    0.000000        0.000000           0.000000
25%     0.962500   0.954622    0.583333        0.500000           0.500000
50%     0.975000   1.000000    0.666667        1.000000           1.000000
75%     1.000000   1.000000    1.000000        1.000000           1.000000
max     1.000000   1.000000    1.000000        1.000000           1.000000
2025-06-13 19:46:43,945 - INFO - Generating learning curve for EEG_Only...
2025-06-13 19:47:03,636 - INFO - --- Running Cross-Validation for sub-001 - ECG_Only ---
2025-06-13 19:47:06,977 - INFO - --- CV Summary for sub-001 - ECG_Only ---
        accuracy    roc_auc  f1_seizure  recall_seizure  precision_seizure
count  15.000000  15.000000   15.000000       15.000000          15.000000
mean    0.951667   0.839856    0.226667        0.266667           0.250000
std     0.029073   0.160828    0.350781        0.416905           0.411877
min     0.875000   0.539474    0.000000        0.000000           0.000000
25%     0.950000   0.701417    0.000000        0.000000           0.000000
50%     0.950000   0.881579    0.000000        0.000000           0.000000
75%     0.975000   0.980601    0.533333        0.500000           0.375000
max     1.000000   1.000000    1.000000        1.000000           1.000000
2025-06-13 19:47:06,978 - INFO - Generating learning curve for ECG_Only...
2025-06-13 19:47:09,290 - INFO - --- Running Cross-Validation for sub-001 - Fused_EEG_ECG ---
2025-06-13 19:47:12,723 - INFO - --- CV Summary for sub-001 - Fused_EEG_ECG ---
        accuracy    roc_auc  f1_seizure  recall_seizure  precision_seizure
count  15.000000  15.000000   15.000000       15.000000          15.000000
mean    0.975000   0.944827    0.564444        0.566667           0.644444
std     0.016366   0.111585    0.375323        0.416905           0.440358
min     0.950000   0.618421    0.000000        0.000000           0.000000
25%     0.975000   0.974359    0.333333        0.250000           0.250000
50%     0.975000   1.000000    0.666667        0.500000           1.000000
75%     0.975000   1.000000    0.733333        1.000000           1.000000
max     1.000000   1.000000    1.000000        1.000000           1.000000
2025-06-13 19:47:12,724 - INFO - Generating learning curve for Fused_EEG_ECG...
2025-06-13 19:47:14,973 - INFO - Generating plots and reports...
2025-06-13 19:47:15,900 - INFO - Best model for sub-001 is 'EEG_Only'. Generating feature importances...
2025-06-13 19:47:16,407 - INFO - --- Loading and processing data for sub-002 ---
2025-06-13 19:47:16,650 - INFO - Extracting features from EEG data...
2025-06-13 19:47:18,993 - INFO - Extracting features from ECG data...
2025-06-13 19:47:20,160 - INFO - Loaded and processed 835 aligned windows for sub-002.
2025-06-13 19:47:20,163 - INFO - --- Running Cross-Validation for sub-002 - EEG_Only ---
2025-06-13 19:47:23,858 - INFO - --- CV Summary for sub-002 - EEG_Only ---
        accuracy    roc_auc  f1_seizure  recall_seizure  precision_seizure
count  15.000000  15.000000   15.000000       15.000000          15.000000
mean    0.986028   0.994372    0.911566        0.928205           0.900963
std     0.008367   0.006676    0.054868        0.079446           0.070847
min     0.970060   0.984016    0.800000        0.769231           0.800000
25%     0.982036   0.987762    0.884444        0.923077           0.857143
50%     0.988024   0.999001    0.928571        0.923077           0.866667
75%     0.994012   1.000000    0.960000        1.000000           0.964286
max     1.000000   1.000000    1.000000        1.000000           1.000000
2025-06-13 19:47:23,858 - INFO - Generating learning curve for EEG_Only...
2025-06-13 19:47:26,058 - INFO - --- Running Cross-Validation for sub-002 - ECG_Only ---
2025-06-13 19:47:29,832 - INFO - --- CV Summary for sub-002 - ECG_Only ---
        accuracy    roc_auc  f1_seizure  recall_seizure  precision_seizure
count  15.000000  15.000000   15.000000       15.000000          15.000000
mean    0.913772   0.887296    0.491041        0.543590           0.467168
std     0.018359   0.045366    0.110050        0.160480           0.134269
min     0.880240   0.782967    0.272727        0.230769           0.294118
25%     0.904192   0.862887    0.436508        0.461538           0.404545
50%     0.910180   0.889860    0.514286        0.538462           0.437500
75%     0.925150   0.917458    0.558442        0.653846           0.516667
max     0.952096   0.953297    0.687500        0.846154           0.857143
2025-06-13 19:47:29,832 - INFO - Generating learning curve for ECG_Only...
2025-06-13 19:47:32,019 - INFO - --- Running Cross-Validation for sub-002 - Fused_EEG_ECG ---
2025-06-13 19:47:35,782 - INFO - --- CV Summary for sub-002 - Fused_EEG_ECG ---
        accuracy    roc_auc  f1_seizure  recall_seizure  precision_seizure
count  15.000000  15.000000   15.000000       15.000000          15.000000
mean    0.988423   0.991558    0.927127        0.943590           0.914457
std     0.007664   0.014782    0.048353        0.061447           0.064173
min     0.976048   0.945305    0.846154        0.846154           0.800000
25%     0.982036   0.990010    0.884444        0.923077           0.866667
50%     0.988024   0.999001    0.928571        0.923077           0.916667
75%     0.994012   1.000000    0.961481        1.000000           0.964286
max     1.000000   1.000000    1.000000        1.000000           1.000000
2025-06-13 19:47:35,783 - INFO - Generating learning curve for Fused_EEG_ECG...
2025-06-13 19:47:38,059 - INFO - Generating plots and reports...
2025-06-13 19:47:39,015 - INFO - Best model for sub-002 is 'Fused_EEG_ECG'. Generating feature importances...
2025-06-13 19:47:39,555 - INFO - --- Loading and processing data for sub-003 ---
2025-06-13 19:47:39,605 - INFO - Extracting features from EEG data...
2025-06-13 19:47:39,776 - INFO - Extracting features from ECG data...
2025-06-13 19:47:39,861 - INFO - Loaded and processed 59 aligned windows for sub-003.
2025-06-13 19:47:39,863 - INFO - --- Running Cross-Validation for sub-003 - EEG_Only ---
2025-06-13 19:47:39,864 - WARNING - Not enough seizure samples (2) for 5-fold CV. Skipping EEG_Only.
2025-06-13 19:47:39,864 - INFO - --- Running Cross-Validation for sub-003 - ECG_Only ---
2025-06-13 19:47:39,864 - WARNING - Not enough seizure samples (2) for 5-fold CV. Skipping ECG_Only.
2025-06-13 19:47:39,864 - INFO - --- Running Cross-Validation for sub-003 - Fused_EEG_ECG ---
2025-06-13 19:47:39,864 - WARNING - Not enough seizure samples (2) for 5-fold CV. Skipping Fused_EEG_ECG.
2025-06-13 19:47:39,928 - INFO - --- Loading and processing data for sub-004 ---
2025-06-13 19:47:39,978 - INFO - Extracting features from EEG data...
2025-06-13 19:47:40,166 - INFO - Extracting features from ECG data...
2025-06-13 19:47:40,260 - INFO - Loaded and processed 65 aligned windows for sub-004.
2025-06-13 19:47:40,262 - INFO - --- Running Cross-Validation for sub-004 - EEG_Only ---
2025-06-13 19:47:43,389 - INFO - --- CV Summary for sub-004 - EEG_Only ---
        accuracy    roc_auc  f1_seizure  recall_seizure  precision_seizure
count  15.000000  15.000000   15.000000       15.000000          15.000000
mean    0.851282   0.829293    0.605079        0.622222           0.660000
std     0.098452   0.154204    0.275900        0.324078           0.319772
min     0.692308   0.636364    0.000000        0.000000           0.000000
25%     0.769231   0.683333    0.450000        0.333333           0.500000
50%     0.846154   0.800000    0.571429        0.666667           0.500000
75%     0.923077   1.000000    0.733333        1.000000           1.000000
max     1.000000   1.000000    1.000000        1.000000           1.000000
2025-06-13 19:47:43,390 - INFO - Generating learning curve for EEG_Only...
2025-06-13 19:47:45,630 - INFO - --- Running Cross-Validation for sub-004 - ECG_Only ---
2025-06-13 19:47:48,779 - INFO - --- CV Summary for sub-004 - ECG_Only ---
        accuracy    roc_auc  f1_seizure  recall_seizure  precision_seizure
count  15.000000  15.000000   15.000000       15.000000          15.000000
mean    0.815385   0.855354    0.588571        0.711111           0.557778
std     0.081200   0.103218    0.223011        0.305158           0.268289
min     0.692308   0.666667    0.000000        0.000000           0.000000
25%     0.769231   0.783333    0.571429        0.666667           0.450000
50%     0.769231   0.818182    0.571429        0.666667           0.500000
75%     0.846154   0.921212    0.666667        1.000000           0.583333
max     1.000000   1.000000    1.000000        1.000000           1.000000
2025-06-13 19:47:48,779 - INFO - Generating learning curve for ECG_Only...
2025-06-13 19:47:51,000 - INFO - --- Running Cross-Validation for sub-004 - Fused_EEG_ECG ---
2025-06-13 19:47:54,227 - INFO - --- CV Summary for sub-004 - Fused_EEG_ECG ---
        accuracy    roc_auc  f1_seizure  recall_seizure  precision_seizure
count  15.000000  15.000000   15.000000       15.000000          15.000000
mean    0.871795   0.863838    0.630794        0.655556           0.698889
std     0.075069   0.123105    0.263439        0.336100           0.302927
min     0.769231   0.733333    0.000000        0.000000           0.000000
25%     0.846154   0.733333    0.500000        0.333333           0.500000
50%     0.846154   0.818182    0.666667        0.666667           0.666667
75%     0.923077   1.000000    0.800000        1.000000           1.000000
max     1.000000   1.000000    1.000000        1.000000           1.000000
2025-06-13 19:47:54,227 - INFO - Generating learning curve for Fused_EEG_ECG...
2025-06-13 19:47:56,393 - INFO - Generating plots and reports...
2025-06-13 19:47:57,218 - INFO - Best model for sub-004 is 'Fused_EEG_ECG'. Generating feature importances...
2025-06-13 19:47:57,750 - INFO - --- Loading and processing data for sub-005 ---
2025-06-13 19:47:57,804 - INFO - Extracting features from EEG data...
2025-06-13 19:47:57,964 - INFO - Extracting features from ECG data...
2025-06-13 19:47:58,043 - INFO - Loaded and processed 56 aligned windows for sub-005.
2025-06-13 19:47:58,045 - INFO - --- Running Cross-Validation for sub-005 - EEG_Only ---
2025-06-13 19:48:01,087 - INFO - --- CV Summary for sub-005 - EEG_Only ---
        accuracy    roc_auc  f1_seizure  recall_seizure  precision_seizure
count  15.000000  15.000000   15.000000       15.000000          15.000000
mean    0.874747   0.932593    0.537778        0.533333           0.588889
std     0.100905   0.084460    0.387271        0.399404           0.435829
min     0.727273   0.722222    0.000000        0.000000           0.000000
25%     0.818182   0.894444    0.200000        0.250000           0.166667
50%     0.909091   0.944444    0.666667        0.500000           0.500000
75%     0.954545   1.000000    0.833333        1.000000           1.000000
max     1.000000   1.000000    1.000000        1.000000           1.000000
2025-06-13 19:48:01,087 - INFO - Generating learning curve for EEG_Only...
2025-06-13 19:48:03,271 - INFO - --- Running Cross-Validation for sub-005 - ECG_Only ---
2025-06-13 19:48:06,376 - INFO - --- CV Summary for sub-005 - ECG_Only ---
        accuracy    roc_auc  f1_seizure  recall_seizure  precision_seizure
count  15.000000  15.000000   15.000000       15.000000          15.000000
mean    0.791919   0.872963    0.404444        0.566667           0.361111
std     0.086181   0.109187    0.233288        0.371612           0.261001
min     0.636364   0.666667    0.000000        0.000000           0.000000
25%     0.772727   0.825000    0.333333        0.500000           0.250000
50%     0.818182   0.888889    0.500000        0.500000           0.333333
75%     0.825758   0.947222    0.500000        1.000000           0.500000
max     0.909091   1.000000    0.666667        1.000000           1.000000
2025-06-13 19:48:06,377 - INFO - Generating learning curve for ECG_Only...
2025-06-13 19:48:08,550 - INFO - --- Running Cross-Validation for sub-005 - Fused_EEG_ECG ---
2025-06-13 19:48:11,896 - INFO - --- CV Summary for sub-005 - Fused_EEG_ECG ---
        accuracy    roc_auc  f1_seizure  recall_seizure  precision_seizure
count  15.000000  15.000000   15.000000       15.000000          15.000000
mean    0.940909   0.962963    0.733333        0.700000           0.833333
std     0.063654   0.088258    0.338062        0.368394           0.361873
min     0.818182   0.722222    0.000000        0.000000           0.000000
25%     0.909091   1.000000    0.666667        0.500000           1.000000
50%     0.916667   1.000000    0.666667        1.000000           1.000000
75%     1.000000   1.000000    1.000000        1.000000           1.000000
max     1.000000   1.000000    1.000000        1.000000           1.000000
2025-06-13 19:48:11,896 - INFO - Generating learning curve for Fused_EEG_ECG...
2025-06-13 19:48:14,270 - INFO - Generating plots and reports...
2025-06-13 19:48:15,097 - INFO - Best model for sub-005 is 'Fused_EEG_ECG'. Generating feature importances...
2025-06-13 19:48:15,623 - INFO - --- Loading and processing data for sub-007 ---
2025-06-13 19:48:15,671 - INFO - Extracting features from EEG data...
2025-06-13 19:48:15,827 - INFO - Extracting features from ECG data...
2025-06-13 19:48:15,904 - INFO - Loaded and processed 54 aligned windows for sub-007.
2025-06-13 19:48:15,904 - INFO - --- Running Cross-Validation for sub-007 - EEG_Only ---
2025-06-13 19:48:15,904 - WARNING - Not enough seizure samples (4) for 5-fold CV. Skipping EEG_Only.
2025-06-13 19:48:15,904 - INFO - --- Running Cross-Validation for sub-007 - ECG_Only ---
2025-06-13 19:48:15,904 - WARNING - Not enough seizure samples (4) for 5-fold CV. Skipping ECG_Only.
2025-06-13 19:48:15,904 - INFO - --- Running Cross-Validation for sub-007 - Fused_EEG_ECG ---
2025-06-13 19:48:15,904 - WARNING - Not enough seizure samples (4) for 5-fold CV. Skipping Fused_EEG_ECG.
2025-06-13 19:48:15,966 - INFO - --- Loading and processing data for sub-009 ---
2025-06-13 19:48:15,998 - INFO - Extracting features from EEG data...
2025-06-13 19:48:16,088 - INFO - Extracting features from ECG data...
2025-06-13 19:48:16,133 - INFO - Loaded and processed 31 aligned windows for sub-009.
2025-06-13 19:48:16,133 - INFO - --- Running Cross-Validation for sub-009 - EEG_Only ---
2025-06-13 19:48:16,133 - WARNING - Not enough seizure samples (3) for 5-fold CV. Skipping EEG_Only.
2025-06-13 19:48:16,133 - INFO - --- Running Cross-Validation for sub-009 - ECG_Only ---
2025-06-13 19:48:16,133 - WARNING - Not enough seizure samples (3) for 5-fold CV. Skipping ECG_Only.
2025-06-13 19:48:16,134 - INFO - --- Running Cross-Validation for sub-009 - Fused_EEG_ECG ---
2025-06-13 19:48:16,134 - WARNING - Not enough seizure samples (3) for 5-fold CV. Skipping Fused_EEG_ECG.
2025-06-13 19:48:16,194 - INFO - --- Loading and processing data for sub-010 ---
2025-06-13 19:48:16,233 - INFO - Extracting features from EEG data...
2025-06-13 19:48:16,332 - INFO - Extracting features from ECG data...
2025-06-13 19:48:16,380 - INFO - Loaded and processed 34 aligned windows for sub-010.
2025-06-13 19:48:16,381 - INFO - --- Running Cross-Validation for sub-010 - EEG_Only ---
2025-06-13 19:48:16,381 - WARNING - Not enough seizure samples (3) for 5-fold CV. Skipping EEG_Only.
2025-06-13 19:48:16,381 - INFO - --- Running Cross-Validation for sub-010 - ECG_Only ---
2025-06-13 19:48:16,381 - WARNING - Not enough seizure samples (3) for 5-fold CV. Skipping ECG_Only.
2025-06-13 19:48:16,381 - INFO - --- Running Cross-Validation for sub-010 - Fused_EEG_ECG ---
2025-06-13 19:48:16,381 - WARNING - Not enough seizure samples (3) for 5-fold CV. Skipping Fused_EEG_ECG.
2025-06-13 19:48:16,441 - INFO - --- Loading and processing data for sub-011 ---
2025-06-13 19:48:16,502 - INFO - Extracting features from EEG data...
2025-06-13 19:48:16,759 - INFO - Extracting features from ECG data...
2025-06-13 19:48:16,888 - INFO - Loaded and processed 90 aligned windows for sub-011.
2025-06-13 19:48:16,890 - INFO - --- Running Cross-Validation for sub-011 - EEG_Only ---
2025-06-13 19:48:20,096 - INFO - --- CV Summary for sub-011 - EEG_Only ---
       accuracy  roc_auc  f1_seizure  recall_seizure  precision_seizure
count      15.0     15.0        15.0            15.0               15.0
mean        1.0      1.0         1.0             1.0                1.0
std         0.0      0.0         0.0             0.0                0.0
min         1.0      1.0         1.0             1.0                1.0
25%         1.0      1.0         1.0             1.0                1.0
50%         1.0      1.0         1.0             1.0                1.0
75%         1.0      1.0         1.0             1.0                1.0
max         1.0      1.0         1.0             1.0                1.0
2025-06-13 19:48:20,097 - INFO - Generating learning curve for EEG_Only...
2025-06-13 19:48:22,433 - INFO - --- Running Cross-Validation for sub-011 - ECG_Only ---
2025-06-13 19:48:25,799 - INFO - --- CV Summary for sub-011 - ECG_Only ---
        accuracy    roc_auc  f1_seizure  recall_seizure  precision_seizure
count  15.000000  15.000000   15.000000       15.000000          15.000000
mean    0.811111   0.898519    0.526469        0.777778           0.411508
std     0.086066   0.084179    0.250432        0.348845           0.218856
min     0.666667   0.718750    0.000000        0.000000           0.000000
25%     0.750000   0.859722    0.472222        0.666667           0.333333
50%     0.777778   0.933333    0.545455        1.000000           0.400000
75%     0.888889   0.953125    0.666667        1.000000           0.550000
max     0.944444   1.000000    0.857143        1.000000           0.750000
2025-06-13 19:48:25,799 - INFO - Generating learning curve for ECG_Only...
2025-06-13 19:48:28,144 - INFO - --- Running Cross-Validation for sub-011 - Fused_EEG_ECG ---
2025-06-13 19:48:31,482 - INFO - --- CV Summary for sub-011 - Fused_EEG_ECG ---
       accuracy  roc_auc  f1_seizure  recall_seizure  precision_seizure
count      15.0     15.0        15.0            15.0               15.0
mean        1.0      1.0         1.0             1.0                1.0
std         0.0      0.0         0.0             0.0                0.0
min         1.0      1.0         1.0             1.0                1.0
25%         1.0      1.0         1.0             1.0                1.0
50%         1.0      1.0         1.0             1.0                1.0
75%         1.0      1.0         1.0             1.0                1.0
max         1.0      1.0         1.0             1.0                1.0
2025-06-13 19:48:31,483 - INFO - Generating learning curve for Fused_EEG_ECG...
2025-06-13 19:48:33,814 - INFO - Generating plots and reports...
2025-06-13 19:48:34,627 - INFO - Best model for sub-011 is 'EEG_Only'. Generating feature importances...
2025-06-13 19:48:35,239 - INFO - --- Loading and processing data for sub-012 ---
2025-06-13 19:48:35,309 - INFO - Extracting features from EEG data...
2025-06-13 19:48:35,664 - INFO - Extracting features from ECG data...
2025-06-13 19:48:35,844 - INFO - Loaded and processed 127 aligned windows for sub-012.
2025-06-13 19:48:35,847 - INFO - --- Running Cross-Validation for sub-012 - EEG_Only ---
2025-06-13 19:48:39,129 - INFO - --- CV Summary for sub-012 - EEG_Only ---
        accuracy    roc_auc  f1_seizure  recall_seizure  precision_seizure
count  15.000000  15.000000   15.000000        15.00000          15.000000
mean    0.958154   0.985749    0.768889         0.90000           0.727778
std     0.040746   0.029766    0.216196         0.20702           0.275427
min     0.880000   0.916667    0.400000         0.50000           0.250000
25%     0.923077   1.000000    0.666667         1.00000           0.500000
50%     0.961538   1.000000    0.666667         1.00000           0.666667
75%     1.000000   1.000000    1.000000         1.00000           1.000000
max     1.000000   1.000000    1.000000         1.00000           1.000000
2025-06-13 19:48:39,129 - INFO - Generating learning curve for EEG_Only...
2025-06-13 19:48:41,548 - INFO - --- Running Cross-Validation for sub-012 - ECG_Only ---
2025-06-13 19:48:44,906 - INFO - --- CV Summary for sub-012 - ECG_Only ---
        accuracy    roc_auc  f1_seizure  recall_seizure  precision_seizure
count  15.000000  15.000000   15.000000            15.0          15.000000
mean    0.987179   0.997222    0.942222             1.0           0.911111
std     0.027836   0.007331    0.123099             0.0           0.187577
min     0.923077   0.979167    0.666667             1.0           0.500000
25%     1.000000   1.000000    1.000000             1.0           1.000000
50%     1.000000   1.000000    1.000000             1.0           1.000000
75%     1.000000   1.000000    1.000000             1.0           1.000000
max     1.000000   1.000000    1.000000             1.0           1.000000
2025-06-13 19:48:44,907 - INFO - Generating learning curve for ECG_Only...
2025-06-13 19:48:47,097 - INFO - --- Running Cross-Validation for sub-012 - Fused_EEG_ECG ---
2025-06-13 19:48:50,348 - INFO - --- CV Summary for sub-012 - Fused_EEG_ECG ---
        accuracy    roc_auc  f1_seizure  recall_seizure  precision_seizure
count  15.000000  15.000000   15.000000        15.00000          15.000000
mean    0.981846   0.998551    0.884444         0.90000           0.922222
std     0.024801   0.005613    0.152163         0.20702           0.165072
min     0.923077   0.978261    0.666667         0.50000           0.500000
25%     0.961538   1.000000    0.733333         1.00000           1.000000
50%     1.000000   1.000000    1.000000         1.00000           1.000000
75%     1.000000   1.000000    1.000000         1.00000           1.000000
max     1.000000   1.000000    1.000000         1.00000           1.000000
2025-06-13 19:48:50,349 - INFO - Generating learning curve for Fused_EEG_ECG...
2025-06-13 19:48:52,703 - INFO - Generating plots and reports...
2025-06-13 19:48:53,515 - INFO - Best model for sub-012 is 'ECG_Only'. Generating feature importances...
2025-06-13 19:48:54,037 - INFO - --- Loading and processing data for sub-014 ---
2025-06-13 19:48:54,096 - INFO - Extracting features from EEG data...
2025-06-13 19:48:54,278 - INFO - Extracting features from ECG data...
2025-06-13 19:48:54,369 - INFO - Loaded and processed 64 aligned windows for sub-014.
2025-06-13 19:48:54,370 - INFO - --- Running Cross-Validation for sub-014 - EEG_Only ---
2025-06-13 19:48:57,554 - INFO - --- CV Summary for sub-014 - EEG_Only ---
        accuracy    roc_auc  f1_seizure  recall_seizure  precision_seizure
count  15.000000  15.000000   15.000000       15.000000          15.000000
mean    0.911966   0.960606    0.600000        0.733333           0.544444
std     0.108203   0.094065    0.416905        0.457738           0.424763
min     0.615385   0.666667    0.000000        0.000000           0.000000
25%     0.881410   1.000000    0.250000        0.500000           0.166667
50%     0.923077   1.000000    0.666667        1.000000           0.500000
75%     1.000000   1.000000    1.000000        1.000000           1.000000
max     1.000000   1.000000    1.000000        1.000000           1.000000
2025-06-13 19:48:57,554 - INFO - Generating learning curve for EEG_Only...
2025-06-13 19:49:00,004 - INFO - --- Running Cross-Validation for sub-014 - ECG_Only ---
2025-06-13 19:49:03,190 - INFO - --- CV Summary for sub-014 - ECG_Only ---
        accuracy    roc_auc  f1_seizure  recall_seizure  precision_seizure
count  15.000000  15.000000   15.000000       15.000000          15.000000
mean    0.916667   0.911111    0.333333        0.400000           0.300000
std     0.054068   0.118760    0.436436        0.507093           0.414039
min     0.846154   0.666667    0.000000        0.000000           0.000000
25%     0.881410   0.812500    0.000000        0.000000           0.000000
50%     0.923077   1.000000    0.000000        0.000000           0.000000
75%     0.923077   1.000000    0.666667        1.000000           0.500000
max     1.000000   1.000000    1.000000        1.000000           1.000000
2025-06-13 19:49:03,190 - INFO - Generating learning curve for ECG_Only...
2025-06-13 19:49:05,594 - INFO - --- Running Cross-Validation for sub-014 - Fused_EEG_ECG ---
2025-06-13 19:49:08,807 - INFO - --- CV Summary for sub-014 - Fused_EEG_ECG ---
        accuracy    roc_auc  f1_seizure  recall_seizure  precision_seizure
count  15.000000  15.000000   15.000000       15.000000          15.000000
mean    0.942735   0.960606    0.600000        0.600000           0.600000
std     0.094288   0.094065    0.507093        0.507093           0.507093
min     0.692308   0.666667    0.000000        0.000000           0.000000
25%     0.919872   1.000000    0.000000        0.000000           0.000000
50%     1.000000   1.000000    1.000000        1.000000           1.000000
75%     1.000000   1.000000    1.000000        1.000000           1.000000
max     1.000000   1.000000    1.000000        1.000000           1.000000
2025-06-13 19:49:08,807 - INFO - Generating learning curve for Fused_EEG_ECG...
2025-06-13 19:49:11,170 - INFO - Generating plots and reports...
2025-06-13 19:49:12,022 - INFO - Best model for sub-014 is 'EEG_Only'. Generating feature importances...
2025-06-13 19:49:12,569 - INFO - --- Loading and processing data for sub-015 ---
2025-06-13 19:49:12,678 - INFO - Extracting features from EEG data...
2025-06-13 19:49:13,298 - INFO - Extracting features from ECG data...
2025-06-13 19:49:13,604 - INFO - Loaded and processed 216 aligned windows for sub-015.
2025-06-13 19:49:13,607 - INFO - --- Running Cross-Validation for sub-015 - EEG_Only ---
2025-06-13 19:49:16,975 - INFO - --- CV Summary for sub-015 - EEG_Only ---
        accuracy    roc_auc  f1_seizure  recall_seizure  precision_seizure
count  15.000000  15.000000   15.000000       15.000000          15.000000
mean    0.987632   0.961667    0.900476        0.872222           0.973333
std     0.017261   0.085886    0.147438        0.206219           0.103280
min     0.953488   0.737500    0.500000        0.333333           0.600000
25%     0.976744   0.993750    0.800000        0.708333           1.000000
50%     1.000000   1.000000    1.000000        1.000000           1.000000
75%     1.000000   1.000000    1.000000        1.000000           1.000000
max     1.000000   1.000000    1.000000        1.000000           1.000000
2025-06-13 19:49:16,975 - INFO - Generating learning curve for EEG_Only...
2025-06-13 19:49:19,297 - INFO - --- Running Cross-Validation for sub-015 - ECG_Only ---
2025-06-13 19:49:22,745 - INFO - --- CV Summary for sub-015 - ECG_Only ---
        accuracy    roc_auc  f1_seizure  recall_seizure  precision_seizure
count  15.000000  15.000000   15.000000       15.000000          15.000000
mean    0.931994   0.801042    0.569577        0.616667           0.615556
std     0.032196   0.115043    0.165243        0.217763           0.263031
min     0.883721   0.612500    0.333333        0.333333           0.333333
25%     0.906977   0.727083    0.472222        0.416667           0.400000
50%     0.930233   0.775000    0.500000        0.666667           0.500000
75%     0.953488   0.883333    0.666667        0.666667           0.833333
max     1.000000   1.000000    1.000000        1.000000           1.000000
2025-06-13 19:49:22,746 - INFO - Generating learning curve for ECG_Only...
2025-06-13 19:49:25,161 - INFO - --- Running Cross-Validation for sub-015 - Fused_EEG_ECG ---
2025-06-13 19:49:28,630 - INFO - --- CV Summary for sub-015 - Fused_EEG_ECG ---
        accuracy    roc_auc  f1_seizure  recall_seizure  precision_seizure
count  15.000000  15.000000   15.000000       15.000000          15.000000
mean    0.989183   0.975139    0.907619        0.872222           0.983333
std     0.014851   0.053339    0.142127        0.206219           0.064550
min     0.953488   0.829167    0.500000        0.333333           0.750000
25%     0.976744   0.996875    0.828571        0.708333           1.000000
50%     1.000000   1.000000    1.000000        1.000000           1.000000
75%     1.000000   1.000000    1.000000        1.000000           1.000000
max     1.000000   1.000000    1.000000        1.000000           1.000000
2025-06-13 19:49:28,631 - INFO - Generating learning curve for Fused_EEG_ECG...
2025-06-13 19:49:30,915 - INFO - Generating plots and reports...
2025-06-13 19:49:31,745 - INFO - Best model for sub-015 is 'Fused_EEG_ECG'. Generating feature importances...
2025-06-13 19:49:32,284 - INFO - --- Loading and processing data for sub-016 ---
2025-06-13 19:49:32,327 - INFO - Extracting features from EEG data...
2025-06-13 19:49:32,447 - INFO - Extracting features from ECG data...
2025-06-13 19:49:32,506 - INFO - Loaded and processed 42 aligned windows for sub-016.
2025-06-13 19:49:32,507 - INFO - --- Running Cross-Validation for sub-016 - EEG_Only ---
2025-06-13 19:49:35,669 - INFO - --- CV Summary for sub-016 - EEG_Only ---
        accuracy    roc_auc  f1_seizure  recall_seizure  precision_seizure
count  15.000000  15.000000   15.000000            15.0          15.000000
mean    0.961111   0.995238    0.915556             1.0           0.866667
std     0.057073   0.018443    0.129631             0.0           0.201187
min     0.875000   0.928571    0.666667             1.0           0.500000
25%     0.888889   1.000000    0.800000             1.0           0.666667
50%     1.000000   1.000000    1.000000             1.0           1.000000
75%     1.000000   1.000000    1.000000             1.0           1.000000
max     1.000000   1.000000    1.000000             1.0           1.000000
2025-06-13 19:49:35,669 - INFO - Generating learning curve for EEG_Only...
2025-06-13 19:49:37,956 - INFO - --- Running Cross-Validation for sub-016 - ECG_Only ---
2025-06-13 19:49:41,145 - INFO - --- CV Summary for sub-016 - ECG_Only ---
        accuracy    roc_auc  f1_seizure  recall_seizure  precision_seizure
count  15.000000  15.000000   15.000000       15.000000          15.000000
mean    0.836111   0.885714    0.628889        0.833333           0.538889
std     0.114555   0.092739    0.267222        0.308607           0.283240
min     0.625000   0.714286    0.000000        0.000000           0.000000
25%     0.777778   0.857143    0.500000        0.750000           0.416667
50%     0.875000   0.857143    0.666667        1.000000           0.500000
75%     0.881944   1.000000    0.733333        1.000000           0.583333
max     1.000000   1.000000    1.000000        1.000000           1.000000
2025-06-13 19:49:41,145 - INFO - Generating learning curve for ECG_Only...
2025-06-13 19:49:43,423 - INFO - --- Running Cross-Validation for sub-016 - Fused_EEG_ECG ---
2025-06-13 19:49:46,562 - INFO - --- CV Summary for sub-016 - Fused_EEG_ECG ---
        accuracy  roc_auc  f1_seizure  recall_seizure  precision_seizure
count  15.000000     15.0   15.000000            15.0          15.000000
mean    0.961111      1.0    0.915556             1.0           0.866667
std     0.057073      0.0    0.129631             0.0           0.201187
min     0.875000      1.0    0.666667             1.0           0.500000
25%     0.888889      1.0    0.800000             1.0           0.666667
50%     1.000000      1.0    1.000000             1.0           1.000000
75%     1.000000      1.0    1.000000             1.0           1.000000
max     1.000000      1.0    1.000000             1.0           1.000000
2025-06-13 19:49:46,562 - INFO - Generating learning curve for Fused_EEG_ECG...
2025-06-13 19:49:48,793 - INFO - Generating plots and reports...
2025-06-13 19:49:49,642 - INFO - Best model for sub-016 is 'EEG_Only'. Generating feature importances...
2025-06-13 19:49:50,189 - INFO - --- Loading and processing data for sub-017 ---
2025-06-13 19:49:50,230 - INFO - Extracting features from EEG data...
2025-06-13 19:49:50,384 - INFO - Extracting features from ECG data...
2025-06-13 19:49:50,462 - INFO - Loaded and processed 54 aligned windows for sub-017.
2025-06-13 19:49:50,462 - INFO - --- Running Cross-Validation for sub-017 - EEG_Only ---
2025-06-13 19:49:50,462 - WARNING - Not enough seizure samples (4) for 5-fold CV. Skipping EEG_Only.
2025-06-13 19:49:50,462 - INFO - --- Running Cross-Validation for sub-017 - ECG_Only ---
2025-06-13 19:49:50,462 - WARNING - Not enough seizure samples (4) for 5-fold CV. Skipping ECG_Only.
2025-06-13 19:49:50,462 - INFO - --- Running Cross-Validation for sub-017 - Fused_EEG_ECG ---
2025-06-13 19:49:50,462 - WARNING - Not enough seizure samples (4) for 5-fold CV. Skipping Fused_EEG_ECG.
2025-06-13 19:49:50,540 - INFO - --- Loading and processing data for sub-018 ---
2025-06-13 19:49:50,582 - INFO - Extracting features from EEG data...
2025-06-13 19:49:50,746 - INFO - Extracting features from ECG data...
2025-06-13 19:49:50,828 - INFO - Loaded and processed 57 aligned windows for sub-018.
2025-06-13 19:49:50,828 - INFO - --- Running Cross-Validation for sub-018 - EEG_Only ---
2025-06-13 19:49:54,061 - INFO - --- CV Summary for sub-018 - EEG_Only ---
        accuracy    roc_auc  f1_seizure  recall_seizure  precision_seizure
count  15.000000  15.000000   15.000000            15.0          15.000000
mean    0.952525   0.980000    0.844444             1.0           0.777778
std     0.065512   0.056061    0.203800             0.0           0.286375
min     0.818182   0.800000    0.500000             1.0           0.333333
25%     0.909091   1.000000    0.666667             1.0           0.500000
50%     1.000000   1.000000    1.000000             1.0           1.000000
75%     1.000000   1.000000    1.000000             1.0           1.000000
max     1.000000   1.000000    1.000000             1.0           1.000000
2025-06-13 19:49:54,061 - INFO - Generating learning curve for EEG_Only...
2025-06-13 19:49:56,458 - INFO - --- Running Cross-Validation for sub-018 - ECG_Only ---
2025-06-13 19:49:59,743 - INFO - --- CV Summary for sub-018 - ECG_Only ---
        accuracy    roc_auc  f1_seizure  recall_seizure  precision_seizure
count  15.000000  15.000000   15.000000       15.000000          15.000000
mean    0.875758   0.840606    0.485714        0.666667           0.422222
std     0.116691   0.196632    0.411980        0.487950           0.407600
min     0.545455   0.454545    0.000000        0.000000           0.000000
25%     0.825758   0.750000    0.000000        0.000000           0.000000
50%     0.909091   0.900000    0.500000        1.000000           0.333333
75%     0.954545   1.000000    0.833333        1.000000           0.750000
max     1.000000   1.000000    1.000000        1.000000           1.000000
2025-06-13 19:49:59,744 - INFO - Generating learning curve for ECG_Only...
2025-06-13 19:50:02,154 - INFO - --- Running Cross-Validation for sub-018 - Fused_EEG_ECG ---
2025-06-13 19:50:05,415 - INFO - --- CV Summary for sub-018 - Fused_EEG_ECG ---
        accuracy    roc_auc  f1_seizure  recall_seizure  precision_seizure
count  15.000000  15.000000   15.000000       15.000000          15.000000
mean    0.952525   0.986667    0.744444        0.866667           0.688889
std     0.057444   0.035187    0.349981        0.351866           0.377264
min     0.818182   0.900000    0.000000        0.000000           0.000000
25%     0.909091   1.000000    0.666667        1.000000           0.500000
50%     1.000000   1.000000    1.000000        1.000000           1.000000
75%     1.000000   1.000000    1.000000        1.000000           1.000000
max     1.000000   1.000000    1.000000        1.000000           1.000000
2025-06-13 19:50:05,415 - INFO - Generating learning curve for Fused_EEG_ECG...
2025-06-13 19:50:07,745 - INFO - Generating plots and reports...
2025-06-13 19:50:08,596 - INFO - Best model for sub-018 is 'EEG_Only'. Generating feature importances...
2025-06-13 19:50:09,128 - INFO - --- Loading and processing data for sub-019 ---
2025-06-13 19:50:09,172 - INFO - Extracting features from EEG data...
2025-06-13 19:50:09,326 - INFO - Extracting features from ECG data...
2025-06-13 19:50:09,402 - INFO - Loaded and processed 54 aligned windows for sub-019.
2025-06-13 19:50:09,403 - INFO - --- Running Cross-Validation for sub-019 - EEG_Only ---
2025-06-13 19:50:09,403 - WARNING - Not enough seizure samples (4) for 5-fold CV. Skipping EEG_Only.
2025-06-13 19:50:09,403 - INFO - --- Running Cross-Validation for sub-019 - ECG_Only ---
2025-06-13 19:50:09,403 - WARNING - Not enough seizure samples (4) for 5-fold CV. Skipping ECG_Only.
2025-06-13 19:50:09,403 - INFO - --- Running Cross-Validation for sub-019 - Fused_EEG_ECG ---
2025-06-13 19:50:09,403 - WARNING - Not enough seizure samples (4) for 5-fold CV. Skipping Fused_EEG_ECG.
2025-06-13 19:50:09,470 - INFO - --- Loading and processing data for sub-020 ---
2025-06-13 19:50:09,507 - INFO - Extracting features from EEG data...
2025-06-13 19:50:09,637 - INFO - Extracting features from ECG data...
2025-06-13 19:50:09,701 - INFO - Loaded and processed 45 aligned windows for sub-020.
2025-06-13 19:50:09,701 - INFO - --- Running Cross-Validation for sub-020 - EEG_Only ---
2025-06-13 19:50:09,701 - WARNING - Not enough seizure samples (3) for 5-fold CV. Skipping EEG_Only.
2025-06-13 19:50:09,701 - INFO - --- Running Cross-Validation for sub-020 - ECG_Only ---
2025-06-13 19:50:09,701 - WARNING - Not enough seizure samples (3) for 5-fold CV. Skipping ECG_Only.
2025-06-13 19:50:09,701 - INFO - --- Running Cross-Validation for sub-020 - Fused_EEG_ECG ---
2025-06-13 19:50:09,701 - WARNING - Not enough seizure samples (3) for 5-fold CV. Skipping Fused_EEG_ECG.
2025-06-13 19:50:09,769 - INFO - --- Loading and processing data for sub-021 ---
2025-06-13 19:50:09,831 - INFO - Extracting features from EEG data...
2025-06-13 19:50:10,150 - INFO - Extracting features from ECG data...
2025-06-13 19:50:10,310 - INFO - Loaded and processed 113 aligned windows for sub-021.
2025-06-13 19:50:10,313 - INFO - --- Running Cross-Validation for sub-021 - EEG_Only ---
2025-06-13 19:50:13,666 - INFO - --- CV Summary for sub-021 - EEG_Only ---
        accuracy    roc_auc  f1_seizure  recall_seizure  precision_seizure
count  15.000000  15.000000   15.000000       15.000000          15.000000
mean    0.952833   0.959971    0.840635        0.855556           0.866667
std     0.035035   0.070343    0.127036        0.195349           0.150396
min     0.909091   0.783333    0.666667        0.500000           0.666667
25%     0.913043   0.973684    0.733333        0.708333           0.750000
50%     0.954545   1.000000    0.857143        1.000000           1.000000
75%     0.978261   1.000000    0.928571        1.000000           1.000000
max     1.000000   1.000000    1.000000        1.000000           1.000000
2025-06-13 19:50:13,666 - INFO - Generating learning curve for EEG_Only...
2025-06-13 19:50:16,039 - INFO - --- Running Cross-Validation for sub-021 - ECG_Only ---
2025-06-13 19:50:19,522 - INFO - --- CV Summary for sub-021 - ECG_Only ---
        accuracy    roc_auc  f1_seizure  recall_seizure  precision_seizure
count  15.000000  15.000000   15.000000       15.000000          15.000000
mean    0.914756   0.859415    0.712222        0.711111           0.761111
std     0.055632   0.139843    0.177953        0.241660           0.201351
min     0.826087   0.552632    0.333333        0.250000           0.500000
25%     0.886364   0.750000    0.619048        0.500000           0.583333
50%     0.913043   0.947368    0.750000        0.666667           0.750000
75%     0.954545   0.947368    0.857143        1.000000           1.000000
max     1.000000   1.000000    1.000000        1.000000           1.000000
2025-06-13 19:50:19,523 - INFO - Generating learning curve for ECG_Only...
2025-06-13 19:50:21,921 - INFO - --- Running Cross-Validation for sub-021 - Fused_EEG_ECG ---
2025-06-13 19:50:25,331 - INFO - --- CV Summary for sub-021 - Fused_EEG_ECG ---
        accuracy    roc_auc  f1_seizure  recall_seizure  precision_seizure
count  15.000000  15.000000   15.000000       15.000000          15.000000
mean    0.949934   0.963246    0.834286        0.855556           0.844444
std     0.040007   0.065906    0.138238        0.195349           0.153874
min     0.869565   0.766667    0.571429        0.500000           0.666667
25%     0.913043   0.967105    0.733333        0.708333           0.708333
50%     0.954545   1.000000    0.857143        1.000000           0.750000
75%     0.978261   1.000000    0.928571        1.000000           1.000000
max     1.000000   1.000000    1.000000        1.000000           1.000000
2025-06-13 19:50:25,331 - INFO - Generating learning curve for Fused_EEG_ECG...
2025-06-13 19:50:27,621 - INFO - Generating plots and reports...
2025-06-13 19:50:28,456 - INFO - Best model for sub-021 is 'EEG_Only'. Generating feature importances...
2025-06-13 19:50:28,960 - INFO - --- Loading and processing data for sub-022 ---
2025-06-13 19:50:29,052 - INFO - Extracting features from EEG data...
2025-06-13 19:50:29,525 - INFO - Extracting features from ECG data...
2025-06-13 19:50:29,761 - INFO - Loaded and processed 164 aligned windows for sub-022.
2025-06-13 19:50:29,763 - INFO - --- Running Cross-Validation for sub-022 - EEG_Only ---
2025-06-13 19:50:33,226 - INFO - --- CV Summary for sub-022 - EEG_Only ---
        accuracy    roc_auc  f1_seizure  recall_seizure  precision_seizure
count  15.000000  15.000000   15.000000       15.000000          15.000000
mean    0.916856   0.965887    0.586580        0.566667           0.655873
std     0.035211   0.026858    0.247989        0.290730           0.257520
min     0.878788   0.905172    0.000000        0.000000           0.000000
25%     0.878788   0.947352    0.416667        0.375000           0.500000
50%     0.909091   0.974138    0.666667        0.500000           0.666667
75%     0.939394   0.987069    0.750000        0.750000           0.750000
max     1.000000   1.000000    1.000000        1.000000           1.000000
2025-06-13 19:50:33,227 - INFO - Generating learning curve for EEG_Only...
2025-06-13 19:50:35,582 - INFO - --- Running Cross-Validation for sub-022 - ECG_Only ---
2025-06-13 19:50:38,998 - INFO - --- CV Summary for sub-022 - ECG_Only ---
        accuracy    roc_auc  f1_seizure  recall_seizure  precision_seizure
count  15.000000  15.000000   15.000000       15.000000          15.000000
mean    0.829482   0.715651    0.337565        0.383333           0.330623
std     0.063208   0.124844    0.203991        0.265025           0.201193
min     0.666667   0.517241    0.000000        0.000000           0.000000
25%     0.800189   0.633621    0.236111        0.250000           0.215385
50%     0.848485   0.732759    0.285714        0.250000           0.333333
75%     0.876894   0.802186    0.522727        0.625000           0.500000
max     0.909091   0.913793    0.666667        0.750000           0.666667
2025-06-13 19:50:38,999 - INFO - Generating learning curve for ECG_Only...
2025-06-13 19:50:41,274 - INFO - --- Running Cross-Validation for sub-022 - Fused_EEG_ECG ---
2025-06-13 19:50:44,691 - INFO - --- CV Summary for sub-022 - Fused_EEG_ECG ---
        accuracy    roc_auc  f1_seizure  recall_seizure  precision_seizure
count  15.000000  15.000000   15.000000       15.000000          15.000000
mean    0.906629   0.939840    0.517792        0.500000           0.603016
std     0.040840   0.035890    0.282411        0.313392           0.308359
min     0.843750   0.879310    0.000000        0.000000           0.000000
25%     0.878788   0.907943    0.333333        0.250000           0.500000
50%     0.909091   0.939655    0.571429        0.500000           0.600000
75%     0.938447   0.969828    0.708333        0.750000           0.750000
max     1.000000   1.000000    1.000000        1.000000           1.000000
2025-06-13 19:50:44,691 - INFO - Generating learning curve for Fused_EEG_ECG...
2025-06-13 19:50:46,943 - INFO - Generating plots and reports...
2025-06-13 19:50:47,769 - INFO - Best model for sub-022 is 'EEG_Only'. Generating feature importances...
2025-06-13 19:50:48,322 - INFO - --- Loading and processing data for sub-023 ---
2025-06-13 19:50:48,371 - INFO - Extracting features from EEG data...
2025-06-13 19:50:48,559 - INFO - Extracting features from ECG data...
2025-06-13 19:50:48,650 - INFO - Loaded and processed 64 aligned windows for sub-023.
2025-06-13 19:50:48,652 - INFO - --- Running Cross-Validation for sub-023 - EEG_Only ---
2025-06-13 19:50:48,652 - WARNING - Not enough seizure samples (3) for 5-fold CV. Skipping EEG_Only.
2025-06-13 19:50:48,652 - INFO - --- Running Cross-Validation for sub-023 - ECG_Only ---
2025-06-13 19:50:48,652 - WARNING - Not enough seizure samples (3) for 5-fold CV. Skipping ECG_Only.
2025-06-13 19:50:48,652 - INFO - --- Running Cross-Validation for sub-023 - Fused_EEG_ECG ---
2025-06-13 19:50:48,652 - WARNING - Not enough seizure samples (3) for 5-fold CV. Skipping Fused_EEG_ECG.
2025-06-13 19:50:48,747 - INFO - --- Loading and processing data for sub-024 ---
2025-06-13 19:50:48,808 - INFO - Extracting features from EEG data...
2025-06-13 19:50:49,053 - INFO - Extracting features from ECG data...
2025-06-13 19:50:49,175 - INFO - Loaded and processed 87 aligned windows for sub-024.
2025-06-13 19:50:49,177 - INFO - --- Running Cross-Validation for sub-024 - EEG_Only ---
2025-06-13 19:50:52,384 - INFO - --- CV Summary for sub-024 - EEG_Only ---
        accuracy    roc_auc  f1_seizure  recall_seizure  precision_seizure
count  15.000000  15.000000   15.000000       15.000000          15.000000
mean    0.980828   0.955972    0.864444        0.866667           0.877778
std     0.035064   0.108181    0.283534        0.296808           0.284986
min     0.888889   0.625000    0.000000        0.000000           0.000000
25%     0.970588   1.000000    0.900000        1.000000           1.000000
50%     1.000000   1.000000    1.000000        1.000000           1.000000
75%     1.000000   1.000000    1.000000        1.000000           1.000000
max     1.000000   1.000000    1.000000        1.000000           1.000000
2025-06-13 19:50:52,384 - INFO - Generating learning curve for EEG_Only...
2025-06-13 19:50:54,745 - INFO - --- Running Cross-Validation for sub-024 - ECG_Only ---
2025-06-13 19:50:58,142 - INFO - --- CV Summary for sub-024 - ECG_Only ---
        accuracy    roc_auc  f1_seizure  recall_seizure  precision_seizure
count  15.000000  15.000000   15.000000       15.000000          15.000000
mean    0.908932   0.759236    0.581587        0.700000           0.584444
std     0.061485   0.298974    0.268011        0.368394           0.338500
min     0.722222   0.093750    0.000000        0.000000           0.000000
25%     0.888889   0.532292    0.619048        0.500000           0.450000
50%     0.941176   0.933333    0.666667        1.000000           0.666667
75%     0.941176   1.000000    0.733333        1.000000           0.833333
max     0.944444   1.000000    0.800000        1.000000           1.000000
2025-06-13 19:50:58,143 - INFO - Generating learning curve for ECG_Only...
2025-06-13 19:51:00,563 - INFO - --- Running Cross-Validation for sub-024 - Fused_EEG_ECG ---
2025-06-13 19:51:03,885 - INFO - --- CV Summary for sub-024 - Fused_EEG_ECG ---
        accuracy    roc_auc  f1_seizure  recall_seizure  precision_seizure
count  15.000000  15.000000   15.000000       15.000000          15.000000
mean    0.981046   0.935972    0.864444        0.866667           0.877778
std     0.034809   0.157577    0.283534        0.296808           0.284986
min     0.888889   0.437500    0.000000        0.000000           0.000000
25%     0.972222   1.000000    0.900000        1.000000           1.000000
50%     1.000000   1.000000    1.000000        1.000000           1.000000
75%     1.000000   1.000000    1.000000        1.000000           1.000000
max     1.000000   1.000000    1.000000        1.000000           1.000000
2025-06-13 19:51:03,885 - INFO - Generating learning curve for Fused_EEG_ECG...
2025-06-13 19:51:06,162 - INFO - Generating plots and reports...
2025-06-13 19:51:06,995 - INFO - Best model for sub-024 is 'EEG_Only'. Generating feature importances...
2025-06-13 19:51:07,548 - INFO - --- Loading and processing data for sub-025 ---
2025-06-13 19:51:07,595 - INFO - Extracting features from EEG data...
2025-06-13 19:51:07,753 - INFO - Extracting features from ECG data...
2025-06-13 19:51:07,831 - INFO - Loaded and processed 55 aligned windows for sub-025.
2025-06-13 19:51:07,831 - INFO - --- Running Cross-Validation for sub-025 - EEG_Only ---
2025-06-13 19:51:07,831 - WARNING - Not enough seizure samples (3) for 5-fold CV. Skipping EEG_Only.
2025-06-13 19:51:07,831 - INFO - --- Running Cross-Validation for sub-025 - ECG_Only ---
2025-06-13 19:51:07,831 - WARNING - Not enough seizure samples (3) for 5-fold CV. Skipping ECG_Only.
2025-06-13 19:51:07,831 - INFO - --- Running Cross-Validation for sub-025 - Fused_EEG_ECG ---
2025-06-13 19:51:07,831 - WARNING - Not enough seizure samples (3) for 5-fold CV. Skipping Fused_EEG_ECG.
2025-06-13 19:51:07,928 - INFO - --- Loading and processing data for sub-026 ---
2025-06-13 19:51:08,019 - INFO - Extracting features from EEG data...
2025-06-13 19:51:08,645 - INFO - Extracting features from ECG data...
2025-06-13 19:51:08,959 - INFO - Loaded and processed 221 aligned windows for sub-026.
2025-06-13 19:51:08,962 - INFO - --- Running Cross-Validation for sub-026 - EEG_Only ---
2025-06-13 19:51:12,352 - INFO - --- CV Summary for sub-026 - EEG_Only ---
        accuracy       roc_auc  f1_seizure  recall_seizure  precision_seizure
count  15.000000  1.500000e+01   15.000000            15.0          15.000000
mean    0.996970  1.000000e+00    0.973333             1.0           0.955556
std     0.007997  2.967196e-17    0.070373             0.0           0.117289
min     0.977273  1.000000e+00    0.800000             1.0           0.666667
25%     1.000000  1.000000e+00    1.000000             1.0           1.000000
50%     1.000000  1.000000e+00    1.000000             1.0           1.000000
75%     1.000000  1.000000e+00    1.000000             1.0           1.000000
max     1.000000  1.000000e+00    1.000000             1.0           1.000000
2025-06-13 19:51:12,352 - INFO - Generating learning curve for EEG_Only...
2025-06-13 19:51:14,798 - INFO - --- Running Cross-Validation for sub-026 - ECG_Only ---
2025-06-13 19:51:18,370 - INFO - --- CV Summary for sub-026 - ECG_Only ---
        accuracy    roc_auc  f1_seizure  recall_seizure  precision_seizure
count  15.000000  15.000000   15.000000       15.000000          15.000000
mean    0.917071   0.789812    0.233333        0.366667           0.184127
std     0.037718   0.146344    0.227080        0.351866           0.193475
min     0.844444   0.534884    0.000000        0.000000           0.000000
25%     0.897727   0.666667    0.000000        0.000000           0.000000
50%     0.931818   0.785714    0.250000        0.500000           0.166667
75%     0.954545   0.928571    0.388889        0.500000           0.267857
max     0.955556   1.000000    0.666667        1.000000           0.500000
2025-06-13 19:51:18,370 - INFO - Generating learning curve for ECG_Only...
2025-06-13 19:51:20,725 - INFO - --- Running Cross-Validation for sub-026 - Fused_EEG_ECG ---
2025-06-13 19:51:24,160 - INFO - --- CV Summary for sub-026 - Fused_EEG_ECG ---
        accuracy  roc_auc  f1_seizure  recall_seizure  precision_seizure
count  15.000000     15.0   15.000000       15.000000          15.000000
mean    0.993939      1.0    0.928889        0.933333           0.955556
std     0.010403      0.0    0.127159        0.175933           0.117289
min     0.977273      1.0    0.666667        0.500000           0.666667
25%     0.988636      1.0    0.900000        1.000000           1.000000
50%     1.000000      1.0    1.000000        1.000000           1.000000
75%     1.000000      1.0    1.000000        1.000000           1.000000
max     1.000000      1.0    1.000000        1.000000           1.000000
2025-06-13 19:51:24,161 - INFO - Generating learning curve for Fused_EEG_ECG...
2025-06-13 19:51:26,533 - INFO - Generating plots and reports...
2025-06-13 19:51:27,345 - INFO - Best model for sub-026 is 'EEG_Only'. Generating feature importances...
2025-06-13 19:51:27,867 - INFO - --- Loading and processing data for sub-027 ---
2025-06-13 19:51:27,923 - INFO - Extracting features from EEG data...
2025-06-13 19:51:28,041 - INFO - Extracting features from ECG data...
2025-06-13 19:51:28,098 - INFO - Loaded and processed 41 aligned windows for sub-027.
2025-06-13 19:51:28,099 - INFO - --- Running Cross-Validation for sub-027 - EEG_Only ---
2025-06-13 19:51:28,099 - WARNING - Not enough seizure samples (3) for 5-fold CV. Skipping EEG_Only.
2025-06-13 19:51:28,099 - INFO - --- Running Cross-Validation for sub-027 - ECG_Only ---
2025-06-13 19:51:28,099 - WARNING - Not enough seizure samples (3) for 5-fold CV. Skipping ECG_Only.
2025-06-13 19:51:28,099 - INFO - --- Running Cross-Validation for sub-027 - Fused_EEG_ECG ---
2025-06-13 19:51:28,099 - WARNING - Not enough seizure samples (3) for 5-fold CV. Skipping Fused_EEG_ECG.
2025-06-13 19:51:28,192 - INFO - --- Loading and processing data for sub-028 ---
2025-06-13 19:51:28,246 - INFO - Extracting features from EEG data...
2025-06-13 19:51:28,463 - INFO - Extracting features from ECG data...
2025-06-13 19:51:28,571 - INFO - Loaded and processed 77 aligned windows for sub-028.
2025-06-13 19:51:28,573 - INFO - --- Running Cross-Validation for sub-028 - EEG_Only ---
2025-06-13 19:51:31,736 - INFO - --- CV Summary for sub-028 - EEG_Only ---
        accuracy    roc_auc  f1_seizure  recall_seizure  precision_seizure
count  15.000000  15.000000   15.000000       15.000000          15.000000
mean    0.965833   0.985714    0.840000        0.933333           0.788889
std     0.052639   0.029574    0.271153        0.258199           0.305158
min     0.812500   0.928571    0.000000        0.000000           0.000000
25%     0.935417   1.000000    0.733333        1.000000           0.583333
50%     1.000000   1.000000    1.000000        1.000000           1.000000
75%     1.000000   1.000000    1.000000        1.000000           1.000000
max     1.000000   1.000000    1.000000        1.000000           1.000000
2025-06-13 19:51:31,737 - INFO - Generating learning curve for EEG_Only...
2025-06-13 19:51:34,201 - INFO - --- Running Cross-Validation for sub-028 - ECG_Only ---
2025-06-13 19:51:37,490 - INFO - --- CV Summary for sub-028 - ECG_Only ---
        accuracy    roc_auc  f1_seizure  recall_seizure  precision_seizure
count  15.000000  15.000000   15.000000       15.000000          15.000000
mean    0.874444   0.514286    0.077778        0.066667           0.100000
std     0.058139   0.215156    0.207658        0.175933           0.280306
min     0.733333   0.071429    0.000000        0.000000           0.000000
25%     0.866667   0.419643    0.000000        0.000000           0.000000
50%     0.875000   0.500000    0.000000        0.000000           0.000000
75%     0.933333   0.660714    0.000000        0.000000           0.000000
max     0.937500   0.821429    0.666667        0.500000           1.000000
2025-06-13 19:51:37,490 - INFO - Generating learning curve for ECG_Only...
2025-06-13 19:51:39,894 - INFO - --- Running Cross-Validation for sub-028 - Fused_EEG_ECG ---
2025-06-13 19:51:43,167 - INFO - --- CV Summary for sub-028 - Fused_EEG_ECG ---
        accuracy    roc_auc  f1_seizure  recall_seizure  precision_seizure
count  15.000000  15.000000   15.000000       15.000000          15.000000
mean    0.961389   0.985714    0.773333        0.866667           0.722222
std     0.052362   0.029574    0.342540        0.351866           0.360041
min     0.812500   0.928571    0.000000        0.000000           0.000000
25%     0.933333   1.000000    0.666667        1.000000           0.500000
50%     1.000000   1.000000    1.000000        1.000000           1.000000
75%     1.000000   1.000000    1.000000        1.000000           1.000000
max     1.000000   1.000000    1.000000        1.000000           1.000000
2025-06-13 19:51:43,168 - INFO - Generating learning curve for Fused_EEG_ECG...
2025-06-13 19:51:45,585 - INFO - Generating plots and reports...
2025-06-13 19:51:46,435 - INFO - Best model for sub-028 is 'EEG_Only'. Generating feature importances...
2025-06-13 19:51:46,988 - INFO - --- Loading and processing data for sub-029 ---
2025-06-13 19:51:47,059 - INFO - Extracting features from EEG data...
2025-06-13 19:51:47,391 - INFO - Extracting features from ECG data...
2025-06-13 19:51:47,557 - INFO - Loaded and processed 115 aligned windows for sub-029.
2025-06-13 19:51:47,560 - INFO - --- Running Cross-Validation for sub-029 - EEG_Only ---
2025-06-13 19:51:50,928 - INFO - --- CV Summary for sub-029 - EEG_Only ---
        accuracy    roc_auc  f1_seizure  recall_seizure  precision_seizure
count  15.000000  15.000000   15.000000       15.000000          15.000000
mean    0.971014   0.993651    0.764444        0.866667           0.711111
std     0.039119   0.016756    0.343527        0.351866           0.364423
min     0.869565   0.952381    0.000000        0.000000           0.000000
25%     0.956522   1.000000    0.666667        1.000000           0.500000
50%     1.000000   1.000000    1.000000        1.000000           1.000000
75%     1.000000   1.000000    1.000000        1.000000           1.000000
max     1.000000   1.000000    1.000000        1.000000           1.000000
2025-06-13 19:51:50,928 - INFO - Generating learning curve for EEG_Only...
2025-06-13 19:51:53,304 - INFO - --- Running Cross-Validation for sub-029 - ECG_Only ---
2025-06-13 19:51:56,661 - INFO - --- CV Summary for sub-029 - ECG_Only ---
        accuracy    roc_auc  f1_seizure  recall_seizure  precision_seizure
count  15.000000  15.000000   15.000000       15.000000          15.000000
mean    0.913043   0.631602    0.177778        0.233333           0.166667
std     0.046480   0.343789    0.305158        0.416905           0.308607
min     0.782609   0.000000    0.000000        0.000000           0.000000
25%     0.913043   0.386364    0.000000        0.000000           0.000000
50%     0.913043   0.761905    0.000000        0.000000           0.000000
75%     0.956522   0.929654    0.333333        0.250000           0.250000
max     0.956522   1.000000    0.666667        1.000000           1.000000
2025-06-13 19:51:56,661 - INFO - Generating learning curve for ECG_Only...
2025-06-13 19:51:59,088 - INFO - --- Running Cross-Validation for sub-029 - Fused_EEG_ECG ---
2025-06-13 19:52:02,425 - INFO - --- CV Summary for sub-029 - Fused_EEG_ECG ---
        accuracy    roc_auc  f1_seizure  recall_seizure  precision_seizure
count  15.000000  15.000000   15.000000       15.000000          15.000000
mean    0.985507   0.993651    0.844444        0.866667           0.833333
std     0.031467   0.016756    0.353366        0.351866           0.361873
min     0.913043   0.952381    0.000000        0.000000           0.000000
25%     1.000000   1.000000    1.000000        1.000000           1.000000
50%     1.000000   1.000000    1.000000        1.000000           1.000000
75%     1.000000   1.000000    1.000000        1.000000           1.000000
max     1.000000   1.000000    1.000000        1.000000           1.000000
2025-06-13 19:52:02,425 - INFO - Generating learning curve for Fused_EEG_ECG...
2025-06-13 19:52:04,722 - INFO - Generating plots and reports...
2025-06-13 19:52:05,533 - INFO - Best model for sub-029 is 'Fused_EEG_ECG'. Generating feature importances...
2025-06-13 19:52:06,065 - INFO - --- Loading and processing data for sub-030 ---
2025-06-13 19:52:06,187 - INFO - Extracting features from EEG data...
2025-06-13 19:52:06,716 - INFO - Extracting features from ECG data...
2025-06-13 19:52:06,981 - INFO - Loaded and processed 187 aligned windows for sub-030.
2025-06-13 19:52:06,983 - INFO - --- Running Cross-Validation for sub-030 - EEG_Only ---
2025-06-13 19:52:10,374 - INFO - --- CV Summary for sub-030 - EEG_Only ---
        accuracy    roc_auc  f1_seizure  recall_seizure  precision_seizure
count  15.000000  15.000000   15.000000       15.000000          15.000000
mean    0.911095   0.956194    0.618494        0.683333           0.602698
std     0.065978   0.042379    0.249642        0.274946           0.284282
min     0.736842   0.852941    0.000000        0.000000           0.000000
25%     0.905405   0.946970    0.485714        0.500000           0.452381
50%     0.945946   0.969697    0.727273        0.750000           0.666667
75%     0.945946   0.985071    0.775000        0.875000           0.750000
max     0.973684   1.000000    0.888889        1.000000           1.000000
2025-06-13 19:52:10,374 - INFO - Generating learning curve for EEG_Only...
2025-06-13 19:52:12,758 - INFO - --- Running Cross-Validation for sub-030 - ECG_Only ---
2025-06-13 19:52:16,251 - INFO - --- CV Summary for sub-030 - ECG_Only ---
        accuracy    roc_auc  f1_seizure  recall_seizure  precision_seizure
count  15.000000  15.000000   15.000000       15.000000          15.000000
mean    0.891133   0.756261    0.437989        0.416667           0.515556
std     0.029825   0.170997    0.169846        0.180937           0.255687
min     0.837838   0.397059    0.000000        0.000000           0.000000
25%     0.866643   0.672348    0.366667        0.250000           0.366667
50%     0.891892   0.797794    0.444444        0.500000           0.500000
75%     0.918919   0.921680    0.535714        0.500000           0.633333
max     0.947368   0.946970    0.666667        0.750000           1.000000
2025-06-13 19:52:16,251 - INFO - Generating learning curve for ECG_Only...
2025-06-13 19:52:18,588 - INFO - --- Running Cross-Validation for sub-030 - Fused_EEG_ECG ---
2025-06-13 19:52:22,197 - INFO - --- CV Summary for sub-030 - Fused_EEG_ECG ---
        accuracy    roc_auc  f1_seizure  recall_seizure  precision_seizure
count  15.000000  15.000000   15.000000       15.000000          15.000000
mean    0.914557   0.949792    0.558095        0.516667           0.714444
std     0.044804   0.070176    0.178934        0.220929           0.251493
min     0.789474   0.727941    0.333333        0.250000           0.250000
25%     0.894737   0.947861    0.400000        0.375000           0.500000
50%     0.918919   0.969697    0.571429        0.500000           0.750000
75%     0.946657   0.988971    0.666667        0.625000           1.000000
max     0.972973   1.000000    0.888889        1.000000           1.000000
2025-06-13 19:52:22,197 - INFO - Generating learning curve for Fused_EEG_ECG...
2025-06-13 19:52:24,556 - INFO - Generating plots and reports...
2025-06-13 19:52:25,378 - INFO - Best model for sub-030 is 'EEG_Only'. Generating feature importances...
2025-06-13 19:52:25,919 - INFO - --- Loading and processing data for sub-031 ---
2025-06-13 19:52:25,970 - INFO - Extracting features from EEG data...
2025-06-13 19:52:26,133 - INFO - Extracting features from ECG data...
2025-06-13 19:52:26,214 - INFO - Loaded and processed 57 aligned windows for sub-031.
2025-06-13 19:52:26,214 - INFO - --- Running Cross-Validation for sub-031 - EEG_Only ---
2025-06-13 19:52:29,396 - INFO - --- CV Summary for sub-031 - EEG_Only ---
        accuracy    roc_auc  f1_seizure  recall_seizure  precision_seizure
count  15.000000  15.000000   15.000000       15.000000          15.000000
mean    0.894949   0.806667    0.513651        0.600000           0.471111
std     0.094399   0.289622    0.454962        0.507093           0.445233
min     0.727273   0.200000    0.000000        0.000000           0.000000
25%     0.825758   0.800000    0.000000        0.000000           0.000000
50%     0.909091   0.950000    0.666667        1.000000           0.500000
75%     1.000000   1.000000    1.000000        1.000000           1.000000
max     1.000000   1.000000    1.000000        1.000000           1.000000
2025-06-13 19:52:29,396 - INFO - Generating learning curve for EEG_Only...
2025-06-13 19:52:31,758 - INFO - --- Running Cross-Validation for sub-031 - ECG_Only ---
2025-06-13 19:52:34,970 - INFO - --- CV Summary for sub-031 - ECG_Only ---
        accuracy    roc_auc  f1_seizure  recall_seizure  precision_seizure
count  15.000000  15.000000   15.000000       15.000000          15.000000
mean    0.868182   0.876667    0.446667        0.566667           0.388889
std     0.088385   0.142511    0.384584        0.457738           0.370899
min     0.750000   0.600000    0.000000        0.000000           0.000000
25%     0.818182   0.800000    0.000000        0.000000           0.000000
50%     0.833333   0.900000    0.400000        0.500000           0.333333
75%     0.909091   1.000000    0.666667        1.000000           0.500000
max     1.000000   1.000000    1.000000        1.000000           1.000000
2025-06-13 19:52:34,971 - INFO - Generating learning curve for ECG_Only...
2025-06-13 19:52:37,183 - INFO - --- Running Cross-Validation for sub-031 - Fused_EEG_ECG ---
2025-06-13 19:52:40,474 - INFO - --- CV Summary for sub-031 - Fused_EEG_ECG ---
        accuracy    roc_auc  f1_seizure  recall_seizure  precision_seizure
count  15.000000  15.000000   15.000000       15.000000          15.000000
mean    0.901010   0.906667    0.411111        0.433333           0.433333
std     0.064185   0.144996    0.421951        0.457738           0.457738
min     0.818182   0.500000    0.000000        0.000000           0.000000
25%     0.833333   0.875000    0.000000        0.000000           0.000000
50%     0.909091   1.000000    0.500000        0.500000           0.500000
75%     0.916667   1.000000    0.666667        1.000000           1.000000
max     1.000000   1.000000    1.000000        1.000000           1.000000
2025-06-13 19:52:40,474 - INFO - Generating learning curve for Fused_EEG_ECG...
2025-06-13 19:52:42,755 - INFO - Generating plots and reports...
2025-06-13 19:52:43,588 - INFO - Best model for sub-031 is 'EEG_Only'. Generating feature importances...
2025-06-13 19:52:44,115 - INFO - --- Loading and processing data for sub-032 ---
2025-06-13 19:52:44,146 - INFO - Extracting features from EEG data...
2025-06-13 19:52:44,187 - INFO - Extracting features from ECG data...
2025-06-13 19:52:44,207 - INFO - Loaded and processed 14 aligned windows for sub-032.
2025-06-13 19:52:44,207 - WARNING - Skipping sub-032 due to insufficient or inconsistent data.
2025-06-13 19:52:44,207 - INFO - --- Loading and processing data for sub-033 ---
2025-06-13 19:52:44,251 - INFO - Extracting features from EEG data...
2025-06-13 19:52:44,362 - INFO - Extracting features from ECG data...
2025-06-13 19:52:44,418 - INFO - Loaded and processed 39 aligned windows for sub-033.
2025-06-13 19:52:44,418 - INFO - --- Running Cross-Validation for sub-033 - EEG_Only ---
2025-06-13 19:52:44,418 - WARNING - Not enough seizure samples (3) for 5-fold CV. Skipping EEG_Only.
2025-06-13 19:52:44,418 - INFO - --- Running Cross-Validation for sub-033 - ECG_Only ---
2025-06-13 19:52:44,418 - WARNING - Not enough seizure samples (3) for 5-fold CV. Skipping ECG_Only.
2025-06-13 19:52:44,418 - INFO - --- Running Cross-Validation for sub-033 - Fused_EEG_ECG ---
2025-06-13 19:52:44,418 - WARNING - Not enough seizure samples (3) for 5-fold CV. Skipping Fused_EEG_ECG.
2025-06-13 19:52:44,507 - INFO - --- Loading and processing data for sub-034 ---
2025-06-13 19:52:44,596 - INFO - Extracting features from EEG data...
2025-06-13 19:52:45,256 - INFO - Extracting features from ECG data...
2025-06-13 19:52:45,586 - INFO - Loaded and processed 231 aligned windows for sub-034.
2025-06-13 19:52:45,590 - INFO - --- Running Cross-Validation for sub-034 - EEG_Only ---
2025-06-13 19:52:49,056 - INFO - --- CV Summary for sub-034 - EEG_Only ---
        accuracy       roc_auc  f1_seizure  recall_seizure  precision_seizure
count  15.000000  1.500000e+01   15.000000        15.00000          15.000000
mean    0.991366  1.000000e+00    0.875556         0.90000           0.911111
std     0.010946  2.967196e-17    0.161081         0.20702           0.187577
min     0.978261  1.000000e+00    0.666667         0.50000           0.500000
25%     0.978492  1.000000e+00    0.666667         1.00000           1.000000
50%     1.000000  1.000000e+00    1.000000         1.00000           1.000000
75%     1.000000  1.000000e+00    1.000000         1.00000           1.000000
max     1.000000  1.000000e+00    1.000000         1.00000           1.000000
2025-06-13 19:52:49,057 - INFO - Generating learning curve for EEG_Only...
2025-06-13 19:52:51,403 - INFO - --- Running Cross-Validation for sub-034 - ECG_Only ---
2025-06-13 19:52:54,923 - INFO - --- CV Summary for sub-034 - ECG_Only ---
        accuracy    roc_auc  f1_seizure  recall_seizure  precision_seizure
count  15.000000  15.000000   15.000000       15.000000          15.000000
mean    0.968239   0.981296    0.540000        0.633333           0.533333
std     0.024464   0.026414    0.376955        0.441858           0.409219
min     0.913043   0.920455    0.000000        0.000000           0.000000
25%     0.956522   0.977525    0.250000        0.250000           0.166667
50%     0.978261   0.988889    0.666667        1.000000           0.500000
75%     0.978723   1.000000    0.800000        1.000000           1.000000
max     1.000000   1.000000    1.000000        1.000000           1.000000
2025-06-13 19:52:54,923 - INFO - Generating learning curve for ECG_Only...
2025-06-13 19:52:57,291 - INFO - --- Running Cross-Validation for sub-034 - Fused_EEG_ECG ---
2025-06-13 19:53:00,822 - INFO - --- CV Summary for sub-034 - Fused_EEG_ECG ---
        accuracy  roc_auc  f1_seizure  recall_seizure  precision_seizure
count  15.000000     15.0   15.000000        15.00000               15.0
mean    0.995683      1.0    0.933333         0.90000                1.0
std     0.008938      0.0    0.138013         0.20702                0.0
min     0.978261      1.0    0.666667         0.50000                1.0
25%     1.000000      1.0    1.000000         1.00000                1.0
50%     1.000000      1.0    1.000000         1.00000                1.0
75%     1.000000      1.0    1.000000         1.00000                1.0
max     1.000000      1.0    1.000000         1.00000                1.0
2025-06-13 19:53:00,822 - INFO - Generating learning curve for Fused_EEG_ECG...
2025-06-13 19:53:03,252 - INFO - Generating plots and reports...
2025-06-13 19:53:04,073 - INFO - Best model for sub-034 is 'Fused_EEG_ECG'. Generating feature importances...
2025-06-13 19:53:04,591 - INFO - --- Loading and processing data for sub-036 ---
2025-06-13 19:53:04,628 - INFO - Extracting features from EEG data...
2025-06-13 19:53:04,694 - INFO - Extracting features from ECG data...
2025-06-13 19:53:04,727 - INFO - Loaded and processed 23 aligned windows for sub-036.
2025-06-13 19:53:04,727 - INFO - --- Running Cross-Validation for sub-036 - EEG_Only ---
2025-06-13 19:53:07,791 - INFO - --- CV Summary for sub-036 - EEG_Only ---
        accuracy    roc_auc  f1_seizure  recall_seizure  precision_seizure
count  15.000000  15.000000   15.000000       15.000000          15.000000
mean    0.770000   0.850000    0.564444        0.600000           0.566667
std     0.251282   0.263899    0.447651        0.470562           0.462052
min     0.200000   0.250000    0.000000        0.000000           0.000000
25%     0.675000   0.833333    0.000000        0.000000           0.000000
50%     0.800000   1.000000    0.666667        1.000000           0.666667
75%     1.000000   1.000000    1.000000        1.000000           1.000000
max     1.000000   1.000000    1.000000        1.000000           1.000000
2025-06-13 19:53:07,792 - INFO - Generating learning curve for EEG_Only...
2025-06-13 19:53:10,328 - INFO - --- Running Cross-Validation for sub-036 - ECG_Only ---
2025-06-13 19:53:13,592 - INFO - --- CV Summary for sub-036 - ECG_Only ---
        accuracy    roc_auc  f1_seizure  recall_seizure  precision_seizure
count  15.000000  15.000000   15.000000       15.000000          15.000000
mean    0.703333   0.700000    0.671111        0.966667           0.566667
std     0.203949   0.208452    0.180329        0.129099           0.256271
min     0.250000   0.333333    0.400000        0.500000           0.250000
25%     0.600000   0.666667    0.583333        1.000000           0.416667
50%     0.750000   0.666667    0.666667        1.000000           0.500000
75%     0.800000   0.791667    0.733333        1.000000           0.666667
max     1.000000   1.000000    1.000000        1.000000           1.000000
2025-06-13 19:53:13,592 - INFO - Generating learning curve for ECG_Only...
2025-06-13 19:53:16,054 - INFO - --- Running Cross-Validation for sub-036 - Fused_EEG_ECG ---
2025-06-13 19:53:19,231 - INFO - --- CV Summary for sub-036 - Fused_EEG_ECG ---
        accuracy    roc_auc  f1_seizure  recall_seizure  precision_seizure
count  15.000000  15.000000   15.000000       15.000000          15.000000
mean    0.730000   0.816667    0.593333        0.766667           0.544444
std     0.240387   0.267632    0.368653        0.416905           0.394489
min     0.250000   0.250000    0.000000        0.000000           0.000000
25%     0.625000   0.666667    0.400000        0.750000           0.250000
50%     0.750000   1.000000    0.666667        1.000000           0.500000
75%     0.900000   1.000000    0.900000        1.000000           1.000000
max     1.000000   1.000000    1.000000        1.000000           1.000000
2025-06-13 19:53:19,232 - INFO - Generating learning curve for Fused_EEG_ECG...
2025-06-13 19:53:21,689 - INFO - Generating plots and reports...
2025-06-13 19:53:22,516 - INFO - Best model for sub-036 is 'ECG_Only'. Generating feature importances...
2025-06-13 19:53:22,994 - INFO - --- Loading and processing data for sub-037 ---
2025-06-13 19:53:23,053 - INFO - Extracting features from EEG data...
2025-06-13 19:53:23,170 - INFO - Extracting features from ECG data...
2025-06-13 19:53:23,228 - INFO - Loaded and processed 41 aligned windows for sub-037.
2025-06-13 19:53:23,229 - INFO - --- Running Cross-Validation for sub-037 - EEG_Only ---
2025-06-13 19:53:26,366 - INFO - --- CV Summary for sub-037 - EEG_Only ---
        accuracy  roc_auc  f1_seizure  recall_seizure  precision_seizure
count  15.000000     15.0   15.000000            15.0          15.000000
mean    0.966667      1.0    0.958095             1.0           0.937778
std     0.099851      0.0    0.118723             0.0           0.171763
min     0.625000      1.0    0.571429             1.0           0.400000
25%     1.000000      1.0    1.000000             1.0           1.000000
50%     1.000000      1.0    1.000000             1.0           1.000000
75%     1.000000      1.0    1.000000             1.0           1.000000
max     1.000000      1.0    1.000000             1.0           1.000000
2025-06-13 19:53:26,367 - INFO - Generating learning curve for EEG_Only...
2025-06-13 19:53:28,644 - INFO - --- Running Cross-Validation for sub-037 - ECG_Only ---
2025-06-13 19:53:31,945 - INFO - --- CV Summary for sub-037 - ECG_Only ---
        accuracy  roc_auc  f1_seizure  recall_seizure  precision_seizure
count  15.000000     15.0   15.000000       15.000000               15.0
mean    0.983333      1.0    0.955556        0.933333                1.0
std     0.043983      0.0    0.117289        0.175933                0.0
min     0.875000      1.0    0.666667        0.500000                1.0
25%     1.000000      1.0    1.000000        1.000000                1.0
50%     1.000000      1.0    1.000000        1.000000                1.0
75%     1.000000      1.0    1.000000        1.000000                1.0
max     1.000000      1.0    1.000000        1.000000                1.0
2025-06-13 19:53:31,946 - INFO - Generating learning curve for ECG_Only...
2025-06-13 19:53:34,400 - INFO - --- Running Cross-Validation for sub-037 - Fused_EEG_ECG ---
2025-06-13 19:53:37,718 - INFO - --- CV Summary for sub-037 - Fused_EEG_ECG ---
       accuracy  roc_auc  f1_seizure  recall_seizure  precision_seizure
count      15.0     15.0        15.0            15.0               15.0
mean        1.0      1.0         1.0             1.0                1.0
std         0.0      0.0         0.0             0.0                0.0
min         1.0      1.0         1.0             1.0                1.0
25%         1.0      1.0         1.0             1.0                1.0
50%         1.0      1.0         1.0             1.0                1.0
75%         1.0      1.0         1.0             1.0                1.0
max         1.0      1.0         1.0             1.0                1.0
2025-06-13 19:53:37,718 - INFO - Generating learning curve for Fused_EEG_ECG...
2025-06-13 19:53:40,179 - INFO - Generating plots and reports...
2025-06-13 19:53:40,989 - INFO - Best model for sub-037 is 'Fused_EEG_ECG'. Generating feature importances...
2025-06-13 19:53:41,521 - INFO - --- Loading and processing data for sub-038 ---
2025-06-13 19:53:41,553 - INFO - Extracting features from EEG data...
2025-06-13 19:53:41,624 - INFO - Extracting features from ECG data...
2025-06-13 19:53:41,660 - INFO - Loaded and processed 25 aligned windows for sub-038.
2025-06-13 19:53:41,660 - INFO - --- Running Cross-Validation for sub-038 - EEG_Only ---
2025-06-13 19:53:41,660 - WARNING - Not enough seizure samples (3) for 5-fold CV. Skipping EEG_Only.
2025-06-13 19:53:41,660 - INFO - --- Running Cross-Validation for sub-038 - ECG_Only ---
2025-06-13 19:53:41,660 - WARNING - Not enough seizure samples (3) for 5-fold CV. Skipping ECG_Only.
2025-06-13 19:53:41,660 - INFO - --- Running Cross-Validation for sub-038 - Fused_EEG_ECG ---
2025-06-13 19:53:41,660 - WARNING - Not enough seizure samples (3) for 5-fold CV. Skipping Fused_EEG_ECG.
2025-06-13 19:53:41,727 - INFO - --- Loading and processing data for sub-040 ---
2025-06-13 19:53:41,795 - INFO - Extracting features from EEG data...
2025-06-13 19:53:42,134 - INFO - Extracting features from ECG data...
2025-06-13 19:53:42,303 - INFO - Loaded and processed 119 aligned windows for sub-040.
2025-06-13 19:53:42,306 - INFO - --- Running Cross-Validation for sub-040 - EEG_Only ---
2025-06-13 19:53:45,512 - INFO - --- CV Summary for sub-040 - EEG_Only ---
        accuracy  roc_auc  f1_seizure  recall_seizure  precision_seizure
count  15.000000     15.0   15.000000            15.0          15.000000
mean    0.991667      1.0    0.951111             1.0           0.922222
std     0.017252      0.0    0.105309             0.0           0.165072
min     0.958333      1.0    0.666667             1.0           0.500000
25%     1.000000      1.0    1.000000             1.0           1.000000
50%     1.000000      1.0    1.000000             1.0           1.000000
75%     1.000000      1.0    1.000000             1.0           1.000000
max     1.000000      1.0    1.000000             1.0           1.000000
2025-06-13 19:53:45,512 - INFO - Generating learning curve for EEG_Only...
2025-06-13 19:53:47,949 - INFO - --- Running Cross-Validation for sub-040 - ECG_Only ---
2025-06-13 19:53:51,308 - INFO - --- CV Summary for sub-040 - ECG_Only ---
        accuracy    roc_auc  f1_seizure  recall_seizure  precision_seizure
count  15.000000  15.000000   15.000000       15.000000          15.000000
mean    0.896256   0.781950    0.286984        0.333333           0.321111
std     0.044740   0.190092    0.292230        0.361873           0.391703
min     0.826087   0.347826    0.000000        0.000000           0.000000
25%     0.875000   0.733202    0.000000        0.000000           0.000000
50%     0.913043   0.818182    0.333333        0.500000           0.250000
75%     0.916667   0.920455    0.535714        0.500000           0.450000
max     0.958333   1.000000    0.666667        1.000000           1.000000
2025-06-13 19:53:51,308 - INFO - Generating learning curve for ECG_Only...
2025-06-13 19:53:53,626 - INFO - --- Running Cross-Validation for sub-040 - Fused_EEG_ECG ---
2025-06-13 19:53:57,056 - INFO - --- CV Summary for sub-040 - Fused_EEG_ECG ---
        accuracy  roc_auc  f1_seizure  recall_seizure  precision_seizure
count  15.000000     15.0   15.000000            15.0          15.000000
mean    0.991667      1.0    0.951111             1.0           0.922222
std     0.017252      0.0    0.105309             0.0           0.165072
min     0.958333      1.0    0.666667             1.0           0.500000
25%     1.000000      1.0    1.000000             1.0           1.000000
50%     1.000000      1.0    1.000000             1.0           1.000000
75%     1.000000      1.0    1.000000             1.0           1.000000
max     1.000000      1.0    1.000000             1.0           1.000000
2025-06-13 19:53:57,057 - INFO - Generating learning curve for Fused_EEG_ECG...
2025-06-13 19:53:59,566 - INFO - Generating plots and reports...
2025-06-13 19:54:00,431 - INFO - Best model for sub-040 is 'EEG_Only'. Generating feature importances...
2025-06-13 19:54:00,995 - INFO - --- Loading and processing data for sub-044 ---
2025-06-13 19:54:01,049 - INFO - Extracting features from EEG data...
2025-06-13 19:54:01,170 - INFO - Extracting features from ECG data...
2025-06-13 19:54:01,231 - INFO - Loaded and processed 42 aligned windows for sub-044.
2025-06-13 19:54:01,231 - INFO - --- Running Cross-Validation for sub-044 - EEG_Only ---
2025-06-13 19:54:04,493 - INFO - --- CV Summary for sub-044 - EEG_Only ---
        accuracy    roc_auc  f1_seizure  recall_seizure  precision_seizure
count  15.000000  15.000000   15.000000       15.000000          15.000000
mean    0.936111   0.984921    0.840000        0.900000           0.822222
std     0.088591   0.041354    0.271153        0.280306           0.298586
min     0.750000   0.857143    0.000000        0.000000           0.000000
25%     0.875000   1.000000    0.733333        1.000000           0.666667
50%     1.000000   1.000000    1.000000        1.000000           1.000000
75%     1.000000   1.000000    1.000000        1.000000           1.000000
max     1.000000   1.000000    1.000000        1.000000           1.000000
2025-06-13 19:54:04,493 - INFO - Generating learning curve for EEG_Only...
2025-06-13 19:54:06,879 - INFO - --- Running Cross-Validation for sub-044 - ECG_Only ---
2025-06-13 19:54:10,232 - INFO - --- CV Summary for sub-044 - ECG_Only ---
        accuracy    roc_auc  f1_seizure  recall_seizure  precision_seizure
count  15.000000  15.000000   15.000000       15.000000          15.000000
mean    0.914815   0.984921    0.820000        0.933333           0.766667
std     0.068014   0.031325    0.155226        0.175933           0.207020
min     0.777778   0.916667    0.500000        0.500000           0.500000
25%     0.875000   1.000000    0.733333        1.000000           0.666667
50%     0.888889   1.000000    0.800000        1.000000           0.666667
75%     1.000000   1.000000    1.000000        1.000000           1.000000
max     1.000000   1.000000    1.000000        1.000000           1.000000
2025-06-13 19:54:10,233 - INFO - Generating learning curve for ECG_Only...
2025-06-13 19:54:12,671 - INFO - --- Running Cross-Validation for sub-044 - Fused_EEG_ECG ---
2025-06-13 19:54:15,963 - INFO - --- CV Summary for sub-044 - Fused_EEG_ECG ---
        accuracy    roc_auc  f1_seizure  recall_seizure  precision_seizure
count  15.000000  15.000000   15.000000       15.000000          15.000000
mean    0.944444   0.990476    0.884444        0.966667           0.855556
std     0.074610   0.036886    0.152163        0.129099           0.217002
min     0.777778   0.857143    0.666667        0.500000           0.500000
25%     0.875000   1.000000    0.733333        1.000000           0.666667
50%     1.000000   1.000000    1.000000        1.000000           1.000000
75%     1.000000   1.000000    1.000000        1.000000           1.000000
max     1.000000   1.000000    1.000000        1.000000           1.000000
2025-06-13 19:54:15,963 - INFO - Generating learning curve for Fused_EEG_ECG...
2025-06-13 19:54:18,363 - INFO - Generating plots and reports...
2025-06-13 19:54:19,174 - INFO - Best model for sub-044 is 'Fused_EEG_ECG'. Generating feature importances...
2025-06-13 19:54:19,742 - INFO - --- Loading and processing data for sub-045 ---
2025-06-13 19:54:19,781 - INFO - Extracting features from EEG data...
2025-06-13 19:54:19,901 - INFO - Extracting features from ECG data...
2025-06-13 19:54:19,960 - INFO - Loaded and processed 42 aligned windows for sub-045.
2025-06-13 19:54:19,961 - INFO - --- Running Cross-Validation for sub-045 - EEG_Only ---
2025-06-13 19:54:19,961 - WARNING - Not enough seizure samples (4) for 5-fold CV. Skipping EEG_Only.
2025-06-13 19:54:19,961 - INFO - --- Running Cross-Validation for sub-045 - ECG_Only ---
2025-06-13 19:54:19,961 - WARNING - Not enough seizure samples (4) for 5-fold CV. Skipping ECG_Only.
2025-06-13 19:54:19,961 - INFO - --- Running Cross-Validation for sub-045 - Fused_EEG_ECG ---
2025-06-13 19:54:19,961 - WARNING - Not enough seizure samples (4) for 5-fold CV. Skipping Fused_EEG_ECG.
2025-06-13 19:54:20,026 - INFO - --- Loading and processing data for sub-046 ---
2025-06-13 19:54:20,069 - INFO - Extracting features from EEG data...
2025-06-13 19:54:20,180 - INFO - Extracting features from ECG data...
2025-06-13 19:54:20,235 - INFO - Loaded and processed 39 aligned windows for sub-046.
2025-06-13 19:54:20,236 - INFO - --- Running Cross-Validation for sub-046 - EEG_Only ---
2025-06-13 19:54:23,438 - INFO - --- CV Summary for sub-046 - EEG_Only ---
        accuracy  roc_auc  f1_seizure  recall_seizure  precision_seizure
count  15.000000     15.0   15.000000       15.000000          15.000000
mean    0.948810      1.0    0.822222        0.866667           0.833333
std     0.065042      0.0    0.277936        0.296808           0.308607
min     0.857143      1.0    0.000000        0.000000           0.000000
25%     0.875000      1.0    0.666667        1.000000           0.750000
50%     1.000000      1.0    1.000000        1.000000           1.000000
75%     1.000000      1.0    1.000000        1.000000           1.000000
max     1.000000      1.0    1.000000        1.000000           1.000000
2025-06-13 19:54:23,438 - INFO - Generating learning curve for EEG_Only...
2025-06-13 19:54:25,810 - INFO - --- Running Cross-Validation for sub-046 - ECG_Only ---
2025-06-13 19:54:29,037 - INFO - --- CV Summary for sub-046 - ECG_Only ---
        accuracy    roc_auc  f1_seizure  recall_seizure  precision_seizure
count  15.000000  15.000000   15.000000       15.000000          15.000000
mean    0.897619   0.935714    0.708889        0.833333           0.666667
std     0.135907   0.137793    0.370428        0.361873           0.397163
min     0.625000   0.571429    0.000000        0.000000           0.000000
25%     0.857143   1.000000    0.450000        1.000000           0.375000
50%     1.000000   1.000000    1.000000        1.000000           1.000000
75%     1.000000   1.000000    1.000000        1.000000           1.000000
max     1.000000   1.000000    1.000000        1.000000           1.000000
2025-06-13 19:54:29,037 - INFO - Generating learning curve for ECG_Only...
2025-06-13 19:54:31,467 - INFO - --- Running Cross-Validation for sub-046 - Fused_EEG_ECG ---
2025-06-13 19:54:34,733 - INFO - --- CV Summary for sub-046 - Fused_EEG_ECG ---
       accuracy  roc_auc  f1_seizure  recall_seizure  precision_seizure
count      15.0     15.0        15.0            15.0               15.0
mean        1.0      1.0         1.0             1.0                1.0
std         0.0      0.0         0.0             0.0                0.0
min         1.0      1.0         1.0             1.0                1.0
25%         1.0      1.0         1.0             1.0                1.0
50%         1.0      1.0         1.0             1.0                1.0
75%         1.0      1.0         1.0             1.0                1.0
max         1.0      1.0         1.0             1.0                1.0
2025-06-13 19:54:34,733 - INFO - Generating learning curve for Fused_EEG_ECG...
2025-06-13 19:54:37,177 - INFO - Generating plots and reports...
2025-06-13 19:54:37,991 - INFO - Best model for sub-046 is 'Fused_EEG_ECG'. Generating feature importances...
2025-06-13 19:54:38,545 - INFO - --- Loading and processing data for sub-047 ---
2025-06-13 19:54:38,576 - INFO - Extracting features from EEG data...
2025-06-13 19:54:38,614 - INFO - Extracting features from ECG data...
2025-06-13 19:54:38,632 - INFO - Loaded and processed 13 aligned windows for sub-047.
2025-06-13 19:54:38,633 - WARNING - Skipping sub-047 due to insufficient or inconsistent data.
2025-06-13 19:54:38,633 - INFO - --- Loading and processing data for sub-050 ---
2025-06-13 19:54:38,668 - INFO - Extracting features from EEG data...
2025-06-13 19:54:38,780 - INFO - Extracting features from ECG data...
2025-06-13 19:54:38,835 - INFO - Loaded and processed 39 aligned windows for sub-050.
2025-06-13 19:54:38,835 - INFO - --- Running Cross-Validation for sub-050 - EEG_Only ---
2025-06-13 19:54:42,000 - INFO - --- CV Summary for sub-050 - EEG_Only ---
       accuracy  roc_auc  f1_seizure  recall_seizure  precision_seizure
count      15.0     15.0        15.0            15.0               15.0
mean        1.0      1.0         1.0             1.0                1.0
std         0.0      0.0         0.0             0.0                0.0
min         1.0      1.0         1.0             1.0                1.0
25%         1.0      1.0         1.0             1.0                1.0
50%         1.0      1.0         1.0             1.0                1.0
75%         1.0      1.0         1.0             1.0                1.0
max         1.0      1.0         1.0             1.0                1.0
2025-06-13 19:54:42,000 - INFO - Generating learning curve for EEG_Only...
2025-06-13 19:54:44,324 - INFO - --- Running Cross-Validation for sub-050 - ECG_Only ---
2025-06-13 19:54:47,583 - INFO - --- CV Summary for sub-050 - ECG_Only ---
        accuracy    roc_auc  f1_seizure  recall_seizure  precision_seizure
count  15.000000  15.000000   15.000000            15.0          15.000000
mean    0.915476   0.942857    0.811111             1.0           0.733333
std     0.102685   0.072442    0.217002             0.0           0.300793
min     0.750000   0.857143    0.500000             1.0           0.333333
25%     0.866071   0.857143    0.666667             1.0           0.500000
50%     1.000000   1.000000    1.000000             1.0           1.000000
75%     1.000000   1.000000    1.000000             1.0           1.000000
max     1.000000   1.000000    1.000000             1.0           1.000000
2025-06-13 19:54:47,583 - INFO - Generating learning curve for ECG_Only...
2025-06-13 19:54:49,966 - INFO - --- Running Cross-Validation for sub-050 - Fused_EEG_ECG ---
2025-06-13 19:54:53,232 - INFO - --- CV Summary for sub-050 - Fused_EEG_ECG ---
        accuracy  roc_auc  f1_seizure  recall_seizure  precision_seizure
count  15.000000     15.0   15.000000            15.0           15.00000
mean    0.973810      1.0    0.933333             1.0            0.90000
std     0.054359      0.0    0.138013             0.0            0.20702
min     0.857143      1.0    0.666667             1.0            0.50000
25%     1.000000      1.0    1.000000             1.0            1.00000
50%     1.000000      1.0    1.000000             1.0            1.00000
75%     1.000000      1.0    1.000000             1.0            1.00000
max     1.000000      1.0    1.000000             1.0            1.00000
2025-06-13 19:54:53,233 - INFO - Generating learning curve for Fused_EEG_ECG...
2025-06-13 19:54:55,715 - INFO - Generating plots and reports...
2025-06-13 19:54:56,557 - INFO - Best model for sub-050 is 'EEG_Only'. Generating feature importances...
2025-06-13 19:54:57,106 - INFO - --- Loading and processing data for sub-052 ---
2025-06-13 19:54:57,199 - INFO - Extracting features from EEG data...
2025-06-13 19:54:57,606 - INFO - Extracting features from ECG data...
2025-06-13 19:54:57,816 - INFO - Loaded and processed 144 aligned windows for sub-052.
2025-06-13 19:54:57,820 - INFO - --- Running Cross-Validation for sub-052 - EEG_Only ---
2025-06-13 19:55:01,087 - INFO - --- CV Summary for sub-052 - EEG_Only ---
        accuracy    roc_auc  f1_seizure  recall_seizure  precision_seizure
count  15.000000  15.000000   15.000000       15.000000          15.000000
mean    0.986125   0.995522    0.974251        0.973810           0.976852
std     0.021894   0.008378    0.040498        0.054359           0.048017
min     0.931034   0.970238    0.875000        0.857143           0.875000
25%     0.965517   0.994048    0.941176        1.000000           1.000000
50%     1.000000   1.000000    1.000000        1.000000           1.000000
75%     1.000000   1.000000    1.000000        1.000000           1.000000
max     1.000000   1.000000    1.000000        1.000000           1.000000
2025-06-13 19:55:01,087 - INFO - Generating learning curve for EEG_Only...
2025-06-13 19:55:03,476 - INFO - --- Running Cross-Validation for sub-052 - ECG_Only ---
2025-06-13 19:55:06,830 - INFO - --- CV Summary for sub-052 - ECG_Only ---
        accuracy    roc_auc  f1_seizure  recall_seizure  precision_seizure
count  15.000000  15.000000   15.000000       15.000000          15.000000
mean    0.801478   0.853608    0.664136        0.717857           0.647629
std     0.079972   0.081521    0.102693        0.108032           0.180722
min     0.689655   0.723214    0.526316        0.500000           0.454545
25%     0.724138   0.797619    0.577778        0.669643           0.500000
50%     0.793103   0.880952    0.636364        0.714286           0.571429
75%     0.877463   0.913265    0.769231        0.750000           0.816667
max     0.896552   0.959184    0.800000        0.875000           1.000000
2025-06-13 19:55:06,831 - INFO - Generating learning curve for ECG_Only...
2025-06-13 19:55:09,239 - INFO - --- Running Cross-Validation for sub-052 - Fused_EEG_ECG ---
2025-06-13 19:55:12,665 - INFO - --- CV Summary for sub-052 - Fused_EEG_ECG ---
        accuracy    roc_auc  f1_seizure  recall_seizure  precision_seizure
count  15.000000  15.000000   15.000000       15.000000          15.000000
mean    0.986125   0.996315    0.974251        0.973810           0.976852
std     0.021894   0.007199    0.040498        0.054359           0.048017
min     0.931034   0.976190    0.875000        0.857143           0.875000
25%     0.965517   0.997024    0.941176        1.000000           1.000000
50%     1.000000   1.000000    1.000000        1.000000           1.000000
75%     1.000000   1.000000    1.000000        1.000000           1.000000
max     1.000000   1.000000    1.000000        1.000000           1.000000
2025-06-13 19:55:12,666 - INFO - Generating learning curve for Fused_EEG_ECG...
2025-06-13 19:55:15,162 - INFO - Generating plots and reports...
2025-06-13 19:55:16,016 - INFO - Best model for sub-052 is 'EEG_Only'. Generating feature importances...
2025-06-13 19:55:16,613 - INFO - --- Loading and processing data for sub-053 ---
2025-06-13 19:55:16,661 - INFO - Extracting features from EEG data...
2025-06-13 19:55:16,793 - INFO - Extracting features from ECG data...
2025-06-13 19:55:16,858 - INFO - Loaded and processed 46 aligned windows for sub-053.
2025-06-13 19:55:16,859 - INFO - --- Running Cross-Validation for sub-053 - EEG_Only ---
2025-06-13 19:55:20,016 - INFO - --- CV Summary for sub-053 - EEG_Only ---
        accuracy    roc_auc  f1_seizure  recall_seizure  precision_seizure
count  15.000000  15.000000   15.000000       15.000000          15.000000
mean    0.862222   0.904167    0.322222        0.333333           0.355556
std     0.135420   0.151013    0.429408        0.449868           0.479197
min     0.444444   0.500000    0.000000        0.000000           0.000000
25%     0.844444   0.875000    0.000000        0.000000           0.000000
50%     0.888889   1.000000    0.000000        0.000000           0.000000
75%     0.900000   1.000000    0.666667        0.750000           1.000000
max     1.000000   1.000000    1.000000        1.000000           1.000000
2025-06-13 19:55:20,017 - INFO - Generating learning curve for EEG_Only...
2025-06-13 19:55:22,386 - INFO - --- Running Cross-Validation for sub-053 - ECG_Only ---
2025-06-13 19:55:25,662 - INFO - --- CV Summary for sub-053 - ECG_Only ---
        accuracy    roc_auc  f1_seizure  recall_seizure  precision_seizure
count  15.000000  15.000000   15.000000       15.000000          15.000000
mean    0.800000   0.818750    0.311111        0.433333           0.250000
std     0.120844   0.197006    0.366595        0.495215           0.313392
min     0.600000   0.468750    0.000000        0.000000           0.000000
25%     0.722222   0.687500    0.000000        0.000000           0.000000
50%     0.800000   0.875000    0.000000        0.000000           0.000000
75%     0.888889   1.000000    0.666667        1.000000           0.500000
max     1.000000   1.000000    1.000000        1.000000           1.000000
2025-06-13 19:55:25,663 - INFO - Generating learning curve for ECG_Only...
2025-06-13 19:55:28,182 - INFO - --- Running Cross-Validation for sub-053 - Fused_EEG_ECG ---
2025-06-13 19:55:31,376 - INFO - --- CV Summary for sub-053 - Fused_EEG_ECG ---
        accuracy    roc_auc  f1_seizure  recall_seizure  precision_seizure
count  15.000000  15.000000   15.000000       15.000000          15.000000
mean    0.885185   0.854167    0.311111        0.300000           0.333333
std     0.095181   0.156101    0.462338        0.455129           0.487950
min     0.666667   0.500000    0.000000        0.000000           0.000000
25%     0.844444   0.750000    0.000000        0.000000           0.000000
50%     0.888889   0.875000    0.000000        0.000000           0.000000
75%     0.950000   1.000000    0.833333        0.750000           1.000000
max     1.000000   1.000000    1.000000        1.000000           1.000000
2025-06-13 19:55:31,376 - INFO - Generating learning curve for Fused_EEG_ECG...
2025-06-13 19:55:33,747 - INFO - Generating plots and reports...
2025-06-13 19:55:34,575 - INFO - Best model for sub-053 is 'EEG_Only'. Generating feature importances...
2025-06-13 19:55:35,131 - INFO - --- Loading and processing data for sub-055 ---
2025-06-13 19:55:35,202 - INFO - Extracting features from EEG data...
2025-06-13 19:55:35,549 - INFO - Extracting features from ECG data...
2025-06-13 19:55:35,722 - INFO - Loaded and processed 121 aligned windows for sub-055.
2025-06-13 19:55:35,726 - INFO - --- Running Cross-Validation for sub-055 - EEG_Only ---
2025-06-13 19:55:38,945 - INFO - --- CV Summary for sub-055 - EEG_Only ---
        accuracy    roc_auc  f1_seizure  recall_seizure  precision_seizure
count  15.000000  15.000000   15.000000       15.000000          15.000000
mean    0.909333   0.954321    0.812371        0.785714           0.863810
std     0.051877   0.049790    0.113619        0.165203           0.124235
min     0.833333   0.833333    0.600000        0.500000           0.666667
25%     0.875000   0.931878    0.727273        0.666667           0.775000
50%     0.916667   0.962963    0.833333        0.833333           0.833333
75%     0.958333   1.000000    0.909091        0.916667           1.000000
max     1.000000   1.000000    1.000000        1.000000           1.000000
2025-06-13 19:55:38,946 - INFO - Generating learning curve for EEG_Only...
2025-06-13 19:55:41,461 - INFO - --- Running Cross-Validation for sub-055 - ECG_Only ---
2025-06-13 19:55:44,821 - INFO - --- CV Summary for sub-055 - ECG_Only ---
        accuracy    roc_auc  f1_seizure  recall_seizure  precision_seizure
count  15.000000  15.000000   15.000000       15.000000          15.000000
mean    0.925667   0.932848    0.858557        0.903175           0.822937
std     0.038836   0.082241    0.079834        0.121227           0.054877
min     0.875000   0.708333    0.727273        0.666667           0.714286
25%     0.877500   0.910053    0.784615        0.833333           0.800000
50%     0.958333   0.962963    0.923077        1.000000           0.857143
75%     0.958333   0.986111    0.923077        1.000000           0.857143
max     0.960000   1.000000    0.933333        1.000000           0.875000
2025-06-13 19:55:44,821 - INFO - Generating learning curve for ECG_Only...
2025-06-13 19:55:47,382 - INFO - --- Running Cross-Validation for sub-055 - Fused_EEG_ECG ---
2025-06-13 19:55:50,713 - INFO - --- CV Summary for sub-055 - Fused_EEG_ECG ---
        accuracy    roc_auc  f1_seizure  recall_seizure  precision_seizure
count  15.000000  15.000000   15.000000       15.000000          15.000000
mean    0.933889   0.963933    0.872545        0.903175           0.850714
std     0.040964   0.041633    0.084780        0.121227           0.079220
min     0.875000   0.842593    0.727273        0.666667           0.714286
25%     0.897500   0.961640    0.813187        0.833333           0.828571
50%     0.958333   0.972222    0.923077        1.000000           0.857143
75%     0.958333   0.990741    0.923077        1.000000           0.857143
max     1.000000   1.000000    1.000000        1.000000           1.000000
2025-06-13 19:55:50,714 - INFO - Generating learning curve for Fused_EEG_ECG...
2025-06-13 19:55:53,120 - INFO - Generating plots and reports...
2025-06-13 19:55:53,944 - INFO - Best model for sub-055 is 'Fused_EEG_ECG'. Generating feature importances...
2025-06-13 19:55:54,475 - INFO - --- Loading and processing data for sub-056 ---
2025-06-13 19:55:54,589 - INFO - Extracting features from EEG data...
2025-06-13 19:55:55,378 - INFO - Extracting features from ECG data...
2025-06-13 19:55:55,769 - INFO - Loaded and processed 277 aligned windows for sub-056.
2025-06-13 19:55:55,771 - INFO - --- Running Cross-Validation for sub-056 - EEG_Only ---
2025-06-13 19:55:59,180 - INFO - --- CV Summary for sub-056 - EEG_Only ---
        accuracy    roc_auc  f1_seizure  recall_seizure  precision_seizure
count  15.000000  15.000000   15.000000       15.000000          15.000000
mean    0.967468   0.974398    0.911563        0.900606           0.929512
std     0.030741   0.035996    0.085518        0.117353           0.074757
min     0.909091   0.869835    0.736842        0.636364           0.727273
25%     0.955032   0.963246    0.878571        0.818182           0.900000
50%     0.981818   0.986667    0.952381        0.909091           0.916667
75%     0.982143   1.000000    0.956522        1.000000           1.000000
max     1.000000   1.000000    1.000000        1.000000           1.000000
2025-06-13 19:55:59,181 - INFO - Generating learning curve for EEG_Only...
2025-06-13 19:56:01,444 - INFO - --- Running Cross-Validation for sub-056 - ECG_Only ---
2025-06-13 19:56:04,999 - INFO - --- CV Summary for sub-056 - ECG_Only ---
        accuracy    roc_auc  f1_seizure  recall_seizure  precision_seizure
count  15.000000  15.000000   15.000000       15.000000          15.000000
mean    0.887944   0.818686    0.709503        0.710909           0.725423
std     0.044814   0.066887    0.104168        0.118690           0.141469
min     0.781818   0.703333    0.538462        0.500000           0.437500
25%     0.863636   0.756933    0.649123        0.636364           0.630682
50%     0.890909   0.833333    0.727273        0.727273           0.700000
75%     0.927273   0.853535    0.800000        0.800000           0.800000
max     0.946429   0.961616    0.857143        0.909091           1.000000
2025-06-13 19:56:05,000 - INFO - Generating learning curve for ECG_Only...
2025-06-13 19:56:07,264 - INFO - --- Running Cross-Validation for sub-056 - Fused_EEG_ECG ---
2025-06-13 19:56:10,794 - INFO - --- CV Summary for sub-056 - Fused_EEG_ECG ---
        accuracy    roc_auc  f1_seizure  recall_seizure  precision_seizure
count  15.000000  15.000000   15.000000       15.000000          15.000000
mean    0.963874   0.969537    0.901245        0.887879           0.923754
std     0.025601   0.040141    0.073899        0.116707           0.064168
min     0.909091   0.871901    0.736842        0.636364           0.800000
25%     0.955032   0.965771    0.873016        0.809091           0.894444
50%     0.963636   0.980000    0.909091        0.909091           0.916667
75%     0.982143   0.997879    0.954451        1.000000           1.000000
max     1.000000   1.000000    1.000000        1.000000           1.000000
2025-06-13 19:56:10,794 - INFO - Generating learning curve for Fused_EEG_ECG...
2025-06-13 19:56:13,080 - INFO - Generating plots and reports...
2025-06-13 19:56:13,897 - INFO - Best model for sub-056 is 'EEG_Only'. Generating feature importances...
2025-06-13 19:56:14,454 - INFO - --- Loading and processing data for sub-057 ---
2025-06-13 19:56:14,493 - INFO - Extracting features from EEG data...
2025-06-13 19:56:14,656 - INFO - Extracting features from ECG data...
2025-06-13 19:56:14,737 - INFO - Loaded and processed 57 aligned windows for sub-057.
2025-06-13 19:56:14,737 - INFO - --- Running Cross-Validation for sub-057 - EEG_Only ---
2025-06-13 19:56:14,738 - WARNING - Not enough seizure samples (2) for 5-fold CV. Skipping EEG_Only.
2025-06-13 19:56:14,738 - INFO - --- Running Cross-Validation for sub-057 - ECG_Only ---
2025-06-13 19:56:14,738 - WARNING - Not enough seizure samples (2) for 5-fold CV. Skipping ECG_Only.
2025-06-13 19:56:14,738 - INFO - --- Running Cross-Validation for sub-057 - Fused_EEG_ECG ---
2025-06-13 19:56:14,738 - WARNING - Not enough seizure samples (2) for 5-fold CV. Skipping Fused_EEG_ECG.
2025-06-13 19:56:14,808 - INFO - --- Loading and processing data for sub-059 ---
2025-06-13 19:56:14,844 - INFO - Extracting features from EEG data...
2025-06-13 19:56:14,991 - INFO - Extracting features from ECG data...
2025-06-13 19:56:15,065 - INFO - Loaded and processed 52 aligned windows for sub-059.
2025-06-13 19:56:15,066 - INFO - --- Running Cross-Validation for sub-059 - EEG_Only ---
2025-06-13 19:56:15,066 - WARNING - Not enough seizure samples (2) for 5-fold CV. Skipping EEG_Only.
2025-06-13 19:56:15,066 - INFO - --- Running Cross-Validation for sub-059 - ECG_Only ---
2025-06-13 19:56:15,066 - WARNING - Not enough seizure samples (2) for 5-fold CV. Skipping ECG_Only.
2025-06-13 19:56:15,066 - INFO - --- Running Cross-Validation for sub-059 - Fused_EEG_ECG ---
2025-06-13 19:56:15,066 - WARNING - Not enough seizure samples (2) for 5-fold CV. Skipping Fused_EEG_ECG.
2025-06-13 19:56:15,131 - INFO - --- Loading and processing data for sub-060 ---
2025-06-13 19:56:15,224 - INFO - Extracting features from EEG data...
2025-06-13 19:56:15,782 - INFO - Extracting features from ECG data...
2025-06-13 19:56:16,063 - INFO - Loaded and processed 196 aligned windows for sub-060.
2025-06-13 19:56:16,066 - INFO - --- Running Cross-Validation for sub-060 - EEG_Only ---
2025-06-13 19:56:19,534 - INFO - --- CV Summary for sub-060 - EEG_Only ---
        accuracy    roc_auc  f1_seizure  recall_seizure  precision_seizure
count  15.000000  15.000000   15.000000       15.000000          15.000000
mean    0.962650   0.957653    0.926415        0.887879           0.973805
std     0.026963   0.046513    0.054445        0.087849           0.045184
min     0.923077   0.875862    0.842105        0.727273           0.888889
25%     0.948718   0.932938    0.894444        0.818182           0.954545
50%     0.974359   0.970779    0.947368        0.909091           1.000000
75%     0.974679   0.996552    0.952381        0.954545           1.000000
max     1.000000   1.000000    1.000000        1.000000           1.000000
2025-06-13 19:56:19,535 - INFO - Generating learning curve for EEG_Only...
2025-06-13 19:56:21,869 - INFO - --- Running Cross-Validation for sub-060 - ECG_Only ---
2025-06-13 19:56:25,463 - INFO - --- CV Summary for sub-060 - ECG_Only ---
        accuracy    roc_auc  f1_seizure  recall_seizure  precision_seizure
count  15.000000  15.000000   15.000000       15.000000          15.000000
mean    0.840128   0.896790    0.719020        0.768485           0.689387
std     0.054178   0.053425    0.102538        0.148343           0.111179
min     0.769231   0.813793    0.571429        0.545455           0.545455
25%     0.794872   0.855172    0.651515        0.668182           0.620192
50%     0.825000   0.889655    0.695652        0.727273           0.666667
75%     0.871795   0.944805    0.793706        0.904545           0.759615
max     0.948718   0.980519    0.909091        1.000000           0.909091
2025-06-13 19:56:25,464 - INFO - Generating learning curve for ECG_Only...
2025-06-13 19:56:27,916 - INFO - --- Running Cross-Validation for sub-060 - Fused_EEG_ECG ---
2025-06-13 19:56:31,488 - INFO - --- CV Summary for sub-060 - Fused_EEG_ECG ---
        accuracy    roc_auc  f1_seizure  recall_seizure  precision_seizure
count  15.000000  15.000000   15.000000       15.000000          15.000000
mean    0.964402   0.983048    0.929351        0.887879           0.979125
std     0.028297   0.022434    0.057641        0.087849           0.043440
min     0.900000   0.931034    0.800000        0.727273           0.888889
25%     0.948718   0.972257    0.900000        0.818182           1.000000
50%     0.974359   0.993730    0.952381        0.909091           1.000000
75%     0.974679   1.000000    0.952381        0.954545           1.000000
max     1.000000   1.000000    1.000000        1.000000           1.000000
2025-06-13 19:56:31,489 - INFO - Generating learning curve for Fused_EEG_ECG...
2025-06-13 19:56:33,742 - INFO - Generating plots and reports...
2025-06-13 19:56:34,617 - INFO - Best model for sub-060 is 'Fused_EEG_ECG'. Generating feature importances...
2025-06-13 19:56:35,194 - INFO - --- Loading and processing data for sub-061 ---
2025-06-13 19:56:35,231 - INFO - Extracting features from EEG data...
2025-06-13 19:56:35,267 - INFO - Extracting features from ECG data...
2025-06-13 19:56:35,284 - INFO - Loaded and processed 12 aligned windows for sub-061.
2025-06-13 19:56:35,285 - WARNING - Skipping sub-061 due to insufficient or inconsistent data.
2025-06-13 19:56:35,285 - INFO - --- Loading and processing data for sub-063 ---
2025-06-13 19:56:35,318 - INFO - Extracting features from EEG data...
2025-06-13 19:56:35,366 - INFO - Extracting features from ECG data...
2025-06-13 19:56:35,389 - INFO - Loaded and processed 16 aligned windows for sub-063.
2025-06-13 19:56:35,390 - WARNING - Skipping sub-063 due to insufficient or inconsistent data.
2025-06-13 19:56:35,390 - INFO - --- Loading and processing data for sub-064 ---
2025-06-13 19:56:35,457 - INFO - Extracting features from EEG data...
2025-06-13 19:56:35,776 - INFO - Extracting features from ECG data...
2025-06-13 19:56:35,941 - INFO - Loaded and processed 109 aligned windows for sub-064.
2025-06-13 19:56:35,944 - INFO - --- Running Cross-Validation for sub-064 - EEG_Only ---
2025-06-13 19:56:39,288 - INFO - --- CV Summary for sub-064 - EEG_Only ---
        accuracy    roc_auc  f1_seizure  recall_seizure  precision_seizure
count  15.000000  15.000000   15.000000        15.00000          15.000000
mean    0.969120   0.985000    0.820000         0.90000           0.833333
std     0.033627   0.032459    0.183355         0.20702           0.251976
min     0.904762   0.900000    0.500000         0.50000           0.333333
25%     0.953463   1.000000    0.666667         1.00000           0.583333
50%     0.954545   1.000000    0.800000         1.00000           1.000000
75%     1.000000   1.000000    1.000000         1.00000           1.000000
max     1.000000   1.000000    1.000000         1.00000           1.000000
2025-06-13 19:56:39,289 - INFO - Generating learning curve for EEG_Only...
2025-06-13 19:56:41,726 - INFO - --- Running Cross-Validation for sub-064 - ECG_Only ---
2025-06-13 19:56:45,191 - INFO - --- CV Summary for sub-064 - ECG_Only ---
        accuracy    roc_auc  f1_seizure  recall_seizure  precision_seizure
count  15.000000  15.000000   15.000000       15.000000          15.000000
mean    0.917605   0.956667    0.497778        0.566667           0.500000
std     0.057363   0.075868    0.314079        0.371612           0.361873
min     0.772727   0.700000    0.000000        0.000000           0.000000
25%     0.906926   0.950000    0.400000        0.500000           0.333333
50%     0.909091   0.975000    0.500000        0.500000           0.500000
75%     0.953463   1.000000    0.666667        1.000000           0.750000
max     1.000000   1.000000    1.000000        1.000000           1.000000
2025-06-13 19:56:45,191 - INFO - Generating learning curve for ECG_Only...
2025-06-13 19:56:47,597 - INFO - --- Running Cross-Validation for sub-064 - Fused_EEG_ECG ---
2025-06-13 19:56:50,922 - INFO - --- CV Summary for sub-064 - Fused_EEG_ECG ---
        accuracy    roc_auc  f1_seizure  recall_seizure  precision_seizure
count  15.000000  15.000000   15.000000       15.000000          15.000000
mean    0.975613   0.986667    0.831111        0.800000           0.944444
std     0.023619   0.024761    0.166889        0.253546           0.149956
min     0.952381   0.925000    0.666667        0.500000           0.500000
25%     0.954545   0.987500    0.666667        0.500000           1.000000
50%     0.954545   1.000000    0.800000        1.000000           1.000000
75%     1.000000   1.000000    1.000000        1.000000           1.000000
max     1.000000   1.000000    1.000000        1.000000           1.000000
2025-06-13 19:56:50,922 - INFO - Generating learning curve for Fused_EEG_ECG...
2025-06-13 19:56:53,436 - INFO - Generating plots and reports...
2025-06-13 19:56:54,261 - INFO - Best model for sub-064 is 'Fused_EEG_ECG'. Generating feature importances...
2025-06-13 19:56:54,798 - INFO - --- Loading and processing data for sub-065 ---
2025-06-13 19:56:54,838 - INFO - Extracting features from EEG data...
2025-06-13 19:56:54,930 - INFO - Extracting features from ECG data...
2025-06-13 19:56:54,975 - INFO - Loaded and processed 32 aligned windows for sub-065.
2025-06-13 19:56:54,976 - INFO - --- Running Cross-Validation for sub-065 - EEG_Only ---
2025-06-13 19:56:54,976 - WARNING - Not enough seizure samples (2) for 5-fold CV. Skipping EEG_Only.
2025-06-13 19:56:54,976 - INFO - --- Running Cross-Validation for sub-065 - ECG_Only ---
2025-06-13 19:56:54,976 - WARNING - Not enough seizure samples (2) for 5-fold CV. Skipping ECG_Only.
2025-06-13 19:56:54,976 - INFO - --- Running Cross-Validation for sub-065 - Fused_EEG_ECG ---
2025-06-13 19:56:54,976 - WARNING - Not enough seizure samples (2) for 5-fold CV. Skipping Fused_EEG_ECG.
2025-06-13 19:56:55,044 - INFO - --- Loading and processing data for sub-066 ---
2025-06-13 19:56:55,162 - INFO - Extracting features from EEG data...
2025-06-13 19:56:55,945 - INFO - Extracting features from ECG data...
2025-06-13 19:56:56,334 - INFO - Loaded and processed 272 aligned windows for sub-066.
2025-06-13 19:56:56,335 - INFO - --- Running Cross-Validation for sub-066 - EEG_Only ---
2025-06-13 19:56:59,722 - INFO - --- CV Summary for sub-066 - EEG_Only ---
        accuracy    roc_auc  f1_seizure  recall_seizure  precision_seizure
count  15.000000  15.000000   15.000000       15.000000          15.000000
mean    0.954680   0.836936    0.322222        0.238889           0.533333
std     0.015259   0.150683    0.329662        0.257558           0.516398
min     0.927273   0.450980    0.000000        0.000000           0.000000
25%     0.944444   0.756410    0.000000        0.000000           0.000000
50%     0.945455   0.856209    0.400000        0.250000           1.000000
75%     0.963636   0.960784    0.583333        0.416667           1.000000
max     0.981481   1.000000    0.800000        0.666667           1.000000
2025-06-13 19:56:59,722 - INFO - Generating learning curve for EEG_Only...
2025-06-13 19:57:02,187 - INFO - --- Running Cross-Validation for sub-066 - ECG_Only ---
2025-06-13 19:57:05,641 - INFO - --- CV Summary for sub-066 - ECG_Only ---
        accuracy    roc_auc  f1_seizure  recall_seizure  precision_seizure
count  15.000000  15.000000   15.000000       15.000000          15.000000
mean    0.922783   0.695534    0.079048        0.061111           0.122222
std     0.024313   0.139905    0.168588        0.127812           0.284986
min     0.870370   0.465686    0.000000        0.000000           0.000000
25%     0.908249   0.594771    0.000000        0.000000           0.000000
50%     0.925926   0.712418    0.000000        0.000000           0.000000
75%     0.944949   0.799020    0.000000        0.000000           0.000000
max     0.962963   0.901961    0.500000        0.333333           1.000000
2025-06-13 19:57:05,641 - INFO - Generating learning curve for ECG_Only...
2025-06-13 19:57:08,241 - INFO - --- Running Cross-Validation for sub-066 - Fused_EEG_ECG ---
2025-06-13 19:57:11,630 - INFO - --- CV Summary for sub-066 - Fused_EEG_ECG ---
        accuracy    roc_auc  f1_seizure  recall_seizure  precision_seizure
count  15.000000  15.000000   15.000000       15.000000          15.000000
mean    0.946128   0.831984    0.120000        0.088889           0.200000
std     0.014460   0.139283    0.256905        0.197872           0.414039
min     0.927273   0.424837    0.000000        0.000000           0.000000
25%     0.944444   0.769419    0.000000        0.000000           0.000000
50%     0.944444   0.875817    0.000000        0.000000           0.000000
75%     0.945455   0.915033    0.000000        0.000000           0.000000
max     0.981481   0.993464    0.800000        0.666667           1.000000
2025-06-13 19:57:11,631 - INFO - Generating learning curve for Fused_EEG_ECG...
2025-06-13 19:57:13,920 - INFO - Generating plots and reports...
2025-06-13 19:57:14,780 - INFO - Best model for sub-066 is 'EEG_Only'. Generating feature importances...
2025-06-13 19:57:15,302 - INFO - --- Loading and processing data for sub-068 ---
2025-06-13 19:57:15,360 - INFO - Extracting features from EEG data...
2025-06-13 19:57:15,640 - INFO - Extracting features from ECG data...
2025-06-13 19:57:15,782 - INFO - Loaded and processed 99 aligned windows for sub-068.
2025-06-13 19:57:15,784 - INFO - --- Running Cross-Validation for sub-068 - EEG_Only ---
2025-06-13 19:57:19,050 - INFO - --- CV Summary for sub-068 - EEG_Only ---
        accuracy  roc_auc  f1_seizure  recall_seizure  precision_seizure
count  15.000000     15.0   15.000000       15.000000               15.0
mean    0.996667      1.0    0.977778        0.966667                1.0
std     0.012910      0.0    0.086066        0.129099                0.0
min     0.950000      1.0    0.666667        0.500000                1.0
25%     1.000000      1.0    1.000000        1.000000                1.0
50%     1.000000      1.0    1.000000        1.000000                1.0
75%     1.000000      1.0    1.000000        1.000000                1.0
max     1.000000      1.0    1.000000        1.000000                1.0
2025-06-13 19:57:19,050 - INFO - Generating learning curve for EEG_Only...
2025-06-13 19:57:21,504 - INFO - --- Running Cross-Validation for sub-068 - ECG_Only ---
2025-06-13 19:57:24,816 - INFO - --- CV Summary for sub-068 - ECG_Only ---
        accuracy    roc_auc  f1_seizure  recall_seizure  precision_seizure
count  15.000000  15.000000   15.000000        15.00000          15.000000
mean    0.946140   0.894688    0.704444         0.90000           0.633333
std     0.044591   0.148235    0.203098         0.20702           0.276026
min     0.850000   0.597222    0.400000         0.50000           0.333333
25%     0.923684   0.918129    0.583333         1.00000           0.500000
50%     0.950000   0.947368    0.666667         1.00000           0.500000
75%     0.975000   1.000000    0.833333         1.00000           1.000000
max     1.000000   1.000000    1.000000         1.00000           1.000000
2025-06-13 19:57:24,816 - INFO - Generating learning curve for ECG_Only...
2025-06-13 19:57:27,357 - INFO - --- Running Cross-Validation for sub-068 - Fused_EEG_ECG ---
2025-06-13 19:57:30,615 - INFO - --- CV Summary for sub-068 - Fused_EEG_ECG ---
        accuracy  roc_auc  f1_seizure  recall_seizure  precision_seizure
count  15.000000     15.0   15.000000        15.00000               15.0
mean    0.990000      1.0    0.933333         0.90000                1.0
std     0.020702      0.0    0.138013         0.20702                0.0
min     0.950000      1.0    0.666667         0.50000                1.0
25%     1.000000      1.0    1.000000         1.00000                1.0
50%     1.000000      1.0    1.000000         1.00000                1.0
75%     1.000000      1.0    1.000000         1.00000                1.0
max     1.000000      1.0    1.000000         1.00000                1.0
2025-06-13 19:57:30,616 - INFO - Generating learning curve for Fused_EEG_ECG...
2025-06-13 19:57:33,134 - INFO - Generating plots and reports...
2025-06-13 19:57:33,979 - INFO - Best model for sub-068 is 'EEG_Only'. Generating feature importances...
2025-06-13 19:57:34,526 - INFO - --- Loading and processing data for sub-069 ---
2025-06-13 19:57:34,573 - INFO - Extracting features from EEG data...
2025-06-13 19:57:34,718 - INFO - Extracting features from ECG data...
2025-06-13 19:57:34,791 - INFO - Loaded and processed 50 aligned windows for sub-069.
2025-06-13 19:57:34,791 - INFO - --- Running Cross-Validation for sub-069 - EEG_Only ---
2025-06-13 19:57:34,791 - WARNING - Not enough seizure samples (3) for 5-fold CV. Skipping EEG_Only.
2025-06-13 19:57:34,791 - INFO - --- Running Cross-Validation for sub-069 - ECG_Only ---
2025-06-13 19:57:34,791 - WARNING - Not enough seizure samples (3) for 5-fold CV. Skipping ECG_Only.
2025-06-13 19:57:34,791 - INFO - --- Running Cross-Validation for sub-069 - Fused_EEG_ECG ---
2025-06-13 19:57:34,791 - WARNING - Not enough seizure samples (3) for 5-fold CV. Skipping Fused_EEG_ECG.
2025-06-13 19:57:34,865 - INFO - --- Loading and processing data for sub-070 ---
2025-06-13 19:57:34,933 - INFO - Extracting features from EEG data...
2025-06-13 19:57:35,318 - INFO - Extracting features from ECG data...
2025-06-13 19:57:35,512 - INFO - Loaded and processed 135 aligned windows for sub-070.
2025-06-13 19:57:35,515 - INFO - --- Running Cross-Validation for sub-070 - EEG_Only ---
2025-06-13 19:57:38,840 - INFO - --- CV Summary for sub-070 - EEG_Only ---
        accuracy    roc_auc  f1_seizure  recall_seizure  precision_seizure
count  15.000000  15.000000   15.000000        15.00000          15.000000
mean    0.953086   0.962667    0.716296         0.90000           0.691270
std     0.047403   0.094753    0.188602         0.20702           0.289182
min     0.814815   0.670000    0.400000         0.50000           0.250000
25%     0.962963   1.000000    0.666667         1.00000           0.500000
50%     0.962963   1.000000    0.666667         1.00000           0.666667
75%     0.962963   1.000000    0.800000         1.00000           1.000000
max     1.000000   1.000000    1.000000         1.00000           1.000000
2025-06-13 19:57:38,840 - INFO - Generating learning curve for EEG_Only...
2025-06-13 19:57:41,260 - INFO - --- Running Cross-Validation for sub-070 - ECG_Only ---
2025-06-13 19:57:44,656 - INFO - --- CV Summary for sub-070 - ECG_Only ---
        accuracy    roc_auc  f1_seizure  recall_seizure  precision_seizure
count  15.000000  15.000000   15.000000       15.000000          15.000000
mean    0.928395   0.793949    0.424444        0.566667           0.366667
std     0.045289   0.274222    0.357786        0.457738           0.340401
min     0.851852   0.160000    0.000000        0.000000           0.000000
25%     0.907407   0.670000    0.000000        0.000000           0.000000
50%     0.925926   0.960000    0.500000        0.500000           0.333333
75%     0.962963   0.980000    0.583333        1.000000           0.500000
max     1.000000   1.000000    1.000000        1.000000           1.000000
2025-06-13 19:57:44,657 - INFO - Generating learning curve for ECG_Only...
2025-06-13 19:57:47,187 - INFO - --- Running Cross-Validation for sub-070 - Fused_EEG_ECG ---
2025-06-13 19:57:50,537 - INFO - --- CV Summary for sub-070 - Fused_EEG_ECG ---
        accuracy    roc_auc  f1_seizure  recall_seizure  precision_seizure
count  15.000000  15.000000   15.000000        15.00000          15.000000
mean    0.962963   0.961333    0.758519         0.90000           0.741270
std     0.044268   0.091172    0.169628         0.20702           0.264346
min     0.814815   0.740000    0.444444         0.50000           0.285714
25%     0.962963   1.000000    0.666667         1.00000           0.500000
50%     0.962963   1.000000    0.666667         1.00000           0.666667
75%     0.981481   1.000000    0.900000         1.00000           1.000000
max     1.000000   1.000000    1.000000         1.00000           1.000000
2025-06-13 19:57:50,537 - INFO - Generating learning curve for Fused_EEG_ECG...
2025-06-13 19:57:52,972 - INFO - Generating plots and reports...
2025-06-13 19:57:53,794 - INFO - Best model for sub-070 is 'Fused_EEG_ECG'. Generating feature importances...
2025-06-13 19:57:54,327 - INFO - --- Loading and processing data for sub-071 ---
2025-06-13 19:57:54,507 - INFO - Extracting features from EEG data...
2025-06-13 19:57:56,570 - INFO - Extracting features from ECG data...
2025-06-13 19:57:57,602 - INFO - Loaded and processed 730 aligned windows for sub-071.
2025-06-13 19:57:57,605 - INFO - --- Running Cross-Validation for sub-071 - EEG_Only ---
2025-06-13 19:58:01,366 - INFO - --- CV Summary for sub-071 - EEG_Only ---
        accuracy    roc_auc  f1_seizure  recall_seizure  precision_seizure
count  15.000000  15.000000   15.000000       15.000000          15.000000
mean    0.984018   0.969927    0.834769        0.795238           0.899206
std     0.008842   0.035263    0.108666        0.157402           0.093568
min     0.958904   0.902627    0.500000        0.375000           0.750000
25%     0.979452   0.958629    0.800000        0.750000           0.845238
50%     0.986301   0.983556    0.857143        0.750000           0.888889
75%     0.989726   1.000000    0.904167        0.875000           1.000000
max     0.993151   1.000000    0.941176        1.000000           1.000000
2025-06-13 19:58:01,366 - INFO - Generating learning curve for EEG_Only...
2025-06-13 19:58:03,906 - INFO - --- Running Cross-Validation for sub-071 - ECG_Only ---
2025-06-13 19:58:07,851 - INFO - --- CV Summary for sub-071 - ECG_Only ---
        accuracy    roc_auc  f1_seizure  recall_seizure  precision_seizure
count  15.000000  15.000000   15.000000       15.000000          15.000000
mean    0.893151   0.672366    0.064314        0.076190           0.056887
std     0.020515   0.114640    0.078956        0.092903           0.070394
min     0.849315   0.419384    0.000000        0.000000           0.000000
25%     0.886986   0.614275    0.000000        0.000000           0.000000
50%     0.897260   0.677989    0.000000        0.000000           0.000000
75%     0.904110   0.743207    0.117647        0.125000           0.111111
max     0.924658   0.847826    0.222222        0.250000           0.200000
2025-06-13 19:58:07,852 - INFO - Generating learning curve for ECG_Only...
2025-06-13 19:58:10,217 - INFO - --- Running Cross-Validation for sub-071 - Fused_EEG_ECG ---
2025-06-13 19:58:14,106 - INFO - --- CV Summary for sub-071 - Fused_EEG_ECG ---
        accuracy    roc_auc  f1_seizure  recall_seizure  precision_seizure
count  15.000000  15.000000   15.000000       15.000000          15.000000
mean    0.984018   0.971322    0.827829        0.760714           0.930688
std     0.008842   0.030817    0.111616        0.160260           0.082487
min     0.958904   0.902627    0.500000        0.375000           0.750000
25%     0.979452   0.950181    0.800000        0.732143           0.866071
50%     0.986301   0.978261    0.857143        0.750000           1.000000
75%     0.989726   0.999547    0.904167        0.875000           1.000000
max     0.993151   1.000000    0.941176        1.000000           1.000000
2025-06-13 19:58:14,107 - INFO - Generating learning curve for Fused_EEG_ECG...
2025-06-13 19:58:16,516 - INFO - Generating plots and reports...
2025-06-13 19:58:17,335 - INFO - Best model for sub-071 is 'EEG_Only'. Generating feature importances...
2025-06-13 19:58:17,948 - INFO - --- Loading and processing data for sub-072 ---
2025-06-13 19:58:18,193 - INFO - Extracting features from EEG data...
2025-06-13 19:58:21,541 - INFO - Extracting features from ECG data...
2025-06-13 19:58:23,212 - INFO - Loaded and processed 1193 aligned windows for sub-072.
2025-06-13 19:58:23,215 - INFO - --- Running Cross-Validation for sub-072 - EEG_Only ---
2025-06-13 19:58:26,999 - INFO - --- CV Summary for sub-072 - EEG_Only ---
        accuracy    roc_auc  f1_seizure  recall_seizure  precision_seizure
count  15.000000  15.000000   15.000000       15.000000          15.000000
mean    0.991894   0.995902    0.965724        0.960263           0.971940
std     0.005368   0.006174    0.023146        0.034781           0.023067
min     0.983193   0.983333    0.925926        0.892857           0.931034
25%     0.987421   0.993895    0.947368        0.947660           0.962963
50%     0.991632   0.998980    0.965517        0.965517           0.965517
75%     0.995807   0.999833    0.982456        0.982759           1.000000
max     1.000000   1.000000    1.000000        1.000000           1.000000
2025-06-13 19:58:27,000 - INFO - Generating learning curve for EEG_Only...
2025-06-13 19:58:29,352 - INFO - --- Running Cross-Validation for sub-072 - ECG_Only ---
2025-06-13 19:58:33,234 - INFO - --- CV Summary for sub-072 - ECG_Only ---
        accuracy    roc_auc  f1_seizure  recall_seizure  precision_seizure
count  15.000000  15.000000   15.000000       15.000000          15.000000
mean    0.801344   0.683156    0.261127        0.296223           0.236541
std     0.023124   0.037662    0.068389        0.089872           0.058709
min     0.757322   0.616837    0.129032        0.137931           0.121212
25%     0.788272   0.663383    0.217172        0.245690           0.195745
50%     0.803347   0.684779    0.271186        0.310345           0.235294
75%     0.819706   0.708703    0.308730        0.350985           0.271889
max     0.832636   0.741708    0.393939        0.448276           0.351351
2025-06-13 19:58:33,235 - INFO - Generating learning curve for ECG_Only...
2025-06-13 19:58:35,627 - INFO - --- Running Cross-Validation for sub-072 - Fused_EEG_ECG ---
2025-06-13 19:58:39,468 - INFO - --- CV Summary for sub-072 - Fused_EEG_ECG ---
        accuracy    roc_auc  f1_seizure  recall_seizure  precision_seizure
count  15.000000  15.000000   15.000000       15.000000          15.000000
mean    0.990774   0.995540    0.960611        0.950739           0.971600
std     0.006186   0.005242    0.027016        0.041944           0.023742
min     0.978992   0.983333    0.909091        0.892857           0.925926
25%     0.987395   0.992693    0.944425        0.912562           0.962963
50%     0.991632   0.997789    0.965517        0.965517           0.965517
75%     0.995807   0.998724    0.982456        0.982759           1.000000
max     1.000000   1.000000    1.000000        1.000000           1.000000
2025-06-13 19:58:39,468 - INFO - Generating learning curve for Fused_EEG_ECG...
2025-06-13 19:58:41,906 - INFO - Generating plots and reports...
2025-06-13 19:58:42,856 - INFO - Best model for sub-072 is 'EEG_Only'. Generating feature importances...
2025-06-13 19:58:43,513 - INFO - --- Loading and processing data for sub-073 ---
2025-06-13 19:58:44,832 - INFO - Extracting features from EEG data...
2025-06-13 19:59:09,563 - INFO - Extracting features from ECG data...
2025-06-13 19:59:21,948 - INFO - Loaded and processed 8783 aligned windows for sub-073.
2025-06-13 19:59:21,958 - INFO - --- Running Cross-Validation for sub-073 - EEG_Only ---
2025-06-13 19:59:26,429 - INFO - --- CV Summary for sub-073 - EEG_Only ---
        accuracy    roc_auc  f1_seizure  recall_seizure  precision_seizure
count  15.000000  15.000000   15.000000       15.000000               15.0
mean    0.998937   0.999870    0.996802        0.993642                1.0
std     0.001029   0.000404    0.003101        0.006151                0.0
min     0.997154   0.998419    0.991424        0.982993                1.0
25%     0.998293   0.999949    0.994863        0.989784                1.0
50%     0.999431   1.000000    0.998291        0.996587                1.0
75%     0.999715   1.000000    0.999148        0.998299                1.0
max     1.000000   1.000000    1.000000        1.000000                1.0
2025-06-13 19:59:26,430 - INFO - Generating learning curve for EEG_Only...
2025-06-13 19:59:29,848 - INFO - --- Running Cross-Validation for sub-073 - ECG_Only ---
2025-06-13 19:59:34,442 - INFO - --- CV Summary for sub-073 - ECG_Only ---
        accuracy    roc_auc  f1_seizure  recall_seizure  precision_seizure
count  15.000000  15.000000   15.000000       15.000000          15.000000
mean    0.699989   0.521907    0.211852        0.241770           0.188737
std     0.007880   0.014424    0.017154        0.024255           0.013484
min     0.684690   0.490999    0.175492        0.197279           0.158038
25%     0.694365   0.516660    0.200923        0.226574           0.180046
50%     0.701595   0.518297    0.207207        0.242321           0.185484
75%     0.705665   0.531437    0.226095        0.259386           0.199217
max     0.709732   0.547975    0.236173        0.286689           0.210106
2025-06-13 19:59:34,442 - INFO - Generating learning curve for ECG_Only...
2025-06-13 19:59:39,090 - INFO - --- Running Cross-Validation for sub-073 - Fused_EEG_ECG ---
2025-06-13 19:59:43,788 - INFO - --- CV Summary for sub-073 - Fused_EEG_ECG ---
        accuracy    roc_auc  f1_seizure  recall_seizure  precision_seizure
count  15.000000  15.000000   15.000000       15.000000          15.000000
mean    0.998027   0.999769    0.994047        0.988644           0.999539
std     0.001489   0.000739    0.004500        0.008307           0.001218
min     0.996014   0.997112    0.987910        0.976109           0.996540
25%     0.996584   0.999957    0.989694        0.981263           1.000000
50%     0.998293   0.999995    0.994872        0.989796           1.000000
75%     0.999146   1.000000    0.997433        0.994881           1.000000
max     1.000000   1.000000    1.000000        1.000000           1.000000
2025-06-13 19:59:43,788 - INFO - Generating learning curve for Fused_EEG_ECG...
2025-06-13 19:59:48,358 - INFO - Generating plots and reports...
2025-06-13 19:59:49,209 - INFO - Best model for sub-073 is 'EEG_Only'. Generating feature importances...
2025-06-13 19:59:49,904 - INFO - --- Loading and processing data for sub-074 ---
2025-06-13 19:59:50,100 - INFO - Extracting features from EEG data...
2025-06-13 19:59:53,103 - INFO - Extracting features from ECG data...
2025-06-13 19:59:54,603 - INFO - Loaded and processed 1065 aligned windows for sub-074.
2025-06-13 19:59:54,607 - INFO - --- Running Cross-Validation for sub-074 - EEG_Only ---
2025-06-13 19:59:58,310 - INFO - --- CV Summary for sub-074 - EEG_Only ---
        accuracy    roc_auc  f1_seizure  recall_seizure  precision_seizure
count  15.000000  15.000000   15.000000       15.000000          15.000000
mean    0.994366   0.994928    0.867321        0.820000           0.947778
std     0.004418   0.006560    0.118698        0.171733           0.091475
min     0.985915   0.977885    0.571429        0.400000           0.750000
25%     0.992958   0.991827    0.844444        0.800000           0.916667
50%     0.995305   0.998077    0.888889        0.800000           1.000000
75%     0.995305   1.000000    0.909091        1.000000           1.000000
max     1.000000   1.000000    1.000000        1.000000           1.000000
2025-06-13 19:59:58,311 - INFO - Generating learning curve for EEG_Only...
2025-06-13 20:00:00,686 - INFO - --- Running Cross-Validation for sub-074 - ECG_Only ---
2025-06-13 20:00:04,450 - INFO - --- CV Summary for sub-074 - ECG_Only ---
        accuracy    roc_auc  f1_seizure  recall_seizure  precision_seizure
count  15.000000  15.000000        15.0            15.0               15.0
mean    0.954304   0.599478         0.0             0.0                0.0
std     0.010568   0.134854         0.0             0.0                0.0
min     0.929577   0.249195         0.0             0.0                0.0
25%     0.948357   0.554808         0.0             0.0                0.0
50%     0.957746   0.599519         0.0             0.0                0.0
75%     0.962441   0.661538         0.0             0.0                0.0
max     0.967136   0.856731         0.0             0.0                0.0
2025-06-13 20:00:04,451 - INFO - Generating learning curve for ECG_Only...
2025-06-13 20:00:07,018 - INFO - --- Running Cross-Validation for sub-074 - Fused_EEG_ECG ---
2025-06-13 20:00:10,868 - INFO - --- CV Summary for sub-074 - Fused_EEG_ECG ---
        accuracy    roc_auc  f1_seizure  recall_seizure  precision_seizure
count  15.000000  15.000000   15.000000       15.000000          15.000000
mean    0.990923   0.992254    0.770000        0.671111           0.933333
std     0.007625   0.009712    0.201469        0.231238           0.186871
min     0.971831   0.972115    0.250000        0.200000           0.333333
25%     0.988263   0.988349    0.708333        0.550000           1.000000
50%     0.990610   0.994231    0.750000        0.600000           1.000000
75%     0.995305   1.000000    0.888889        0.800000           1.000000
max     1.000000   1.000000    1.000000        1.000000           1.000000
2025-06-13 20:00:10,868 - INFO - Generating learning curve for Fused_EEG_ECG...
2025-06-13 20:00:13,188 - INFO - Generating plots and reports...
2025-06-13 20:00:14,006 - INFO - Best model for sub-074 is 'EEG_Only'. Generating feature importances...
2025-06-13 20:00:14,648 - INFO - --- Loading and processing data for sub-075 ---
2025-06-13 20:00:14,708 - INFO - Extracting features from EEG data...
2025-06-13 20:00:14,982 - INFO - Extracting features from ECG data...
2025-06-13 20:00:15,122 - INFO - Loaded and processed 97 aligned windows for sub-075.
2025-06-13 20:00:15,125 - INFO - --- Running Cross-Validation for sub-075 - EEG_Only ---
2025-06-13 20:00:18,291 - INFO - --- CV Summary for sub-075 - EEG_Only ---
        accuracy  roc_auc  f1_seizure  recall_seizure  precision_seizure
count  15.000000     15.0   15.000000            15.0          15.000000
mean    0.986316      1.0    0.928889             1.0           0.888889
std     0.023500      0.0    0.127159             0.0           0.195857
min     0.947368      1.0    0.666667             1.0           0.500000
25%     0.975000      1.0    0.900000             1.0           0.833333
50%     1.000000      1.0    1.000000             1.0           1.000000
75%     1.000000      1.0    1.000000             1.0           1.000000
max     1.000000      1.0    1.000000             1.0           1.000000
2025-06-13 20:00:18,291 - INFO - Generating learning curve for EEG_Only...
2025-06-13 20:00:20,598 - INFO - --- Running Cross-Validation for sub-075 - ECG_Only ---
2025-06-13 20:00:23,855 - INFO - --- CV Summary for sub-075 - ECG_Only ---
        accuracy    roc_auc  f1_seizure  recall_seizure  precision_seizure
count  15.000000  15.000000   15.000000       15.000000          15.000000
mean    0.897544   0.552778    0.182222        0.166667           0.222222
std     0.059823   0.305880    0.332825        0.308607           0.411476
min     0.800000   0.027778    0.000000        0.000000           0.000000
25%     0.850000   0.319444    0.000000        0.000000           0.000000
50%     0.894737   0.666667    0.000000        0.000000           0.000000
75%     0.947368   0.791667    0.200000        0.250000           0.166667
max     1.000000   1.000000    1.000000        1.000000           1.000000
2025-06-13 20:00:23,855 - INFO - Generating learning curve for ECG_Only...
2025-06-13 20:00:26,203 - INFO - --- Running Cross-Validation for sub-075 - Fused_EEG_ECG ---
2025-06-13 20:00:29,418 - INFO - --- CV Summary for sub-075 - Fused_EEG_ECG ---
        accuracy  roc_auc  f1_seizure  recall_seizure  precision_seizure
count  15.000000     15.0   15.000000       15.000000          15.000000
mean    0.993158      1.0    0.955556        0.966667           0.966667
std     0.018063      0.0    0.117289        0.129099           0.129099
min     0.947368      1.0    0.666667        0.500000           0.500000
25%     1.000000      1.0    1.000000        1.000000           1.000000
50%     1.000000      1.0    1.000000        1.000000           1.000000
75%     1.000000      1.0    1.000000        1.000000           1.000000
max     1.000000      1.0    1.000000        1.000000           1.000000
2025-06-13 20:00:29,418 - INFO - Generating learning curve for Fused_EEG_ECG...
2025-06-13 20:00:31,897 - INFO - Generating plots and reports...
2025-06-13 20:00:32,715 - INFO - Best model for sub-075 is 'Fused_EEG_ECG'. Generating feature importances...
2025-06-13 20:00:33,282 - INFO - --- Loading and processing data for sub-076 ---
2025-06-13 20:00:33,353 - INFO - Extracting features from EEG data...
2025-06-13 20:00:33,762 - INFO - Extracting features from ECG data...
2025-06-13 20:00:33,968 - INFO - Loaded and processed 144 aligned windows for sub-076.
2025-06-13 20:00:33,970 - INFO - --- Running Cross-Validation for sub-076 - EEG_Only ---
2025-06-13 20:00:37,233 - INFO - --- CV Summary for sub-076 - EEG_Only ---
        accuracy  roc_auc  f1_seizure  recall_seizure  precision_seizure
count  15.000000     15.0   15.000000       15.000000               15.0
mean    0.995402      1.0    0.966667        0.955556                1.0
std     0.017807      0.0    0.129099        0.172133                0.0
min     0.931034      1.0    0.500000        0.333333                1.0
25%     1.000000      1.0    1.000000        1.000000                1.0
50%     1.000000      1.0    1.000000        1.000000                1.0
75%     1.000000      1.0    1.000000        1.000000                1.0
max     1.000000      1.0    1.000000        1.000000                1.0
2025-06-13 20:00:37,233 - INFO - Generating learning curve for EEG_Only...
2025-06-13 20:00:39,508 - INFO - --- Running Cross-Validation for sub-076 - ECG_Only ---
2025-06-13 20:00:42,898 - INFO - --- CV Summary for sub-076 - ECG_Only ---
        accuracy    roc_auc  f1_seizure  recall_seizure  precision_seizure
count  15.000000  15.000000   15.000000       15.000000          15.000000
mean    0.859113   0.552279    0.085714        0.088889           0.100000
std     0.043709   0.156688    0.194015        0.187577           0.263899
min     0.758621   0.160256    0.000000        0.000000           0.000000
25%     0.842365   0.466880    0.000000        0.000000           0.000000
50%     0.862069   0.557692    0.000000        0.000000           0.000000
75%     0.862069   0.653846    0.000000        0.000000           0.000000
max     0.964286   0.777778    0.666667        0.500000           1.000000
2025-06-13 20:00:42,898 - INFO - Generating learning curve for ECG_Only...
2025-06-13 20:00:45,310 - INFO - --- Running Cross-Validation for sub-076 - Fused_EEG_ECG ---
2025-06-13 20:00:48,671 - INFO - --- CV Summary for sub-076 - Fused_EEG_ECG ---
        accuracy  roc_auc  f1_seizure  recall_seizure  precision_seizure
count  15.000000     15.0   15.000000       15.000000               15.0
mean    0.995402      1.0    0.966667        0.955556                1.0
std     0.017807      0.0    0.129099        0.172133                0.0
min     0.931034      1.0    0.500000        0.333333                1.0
25%     1.000000      1.0    1.000000        1.000000                1.0
50%     1.000000      1.0    1.000000        1.000000                1.0
75%     1.000000      1.0    1.000000        1.000000                1.0
max     1.000000      1.0    1.000000        1.000000                1.0
2025-06-13 20:00:48,672 - INFO - Generating learning curve for Fused_EEG_ECG...
2025-06-13 20:00:51,214 - INFO - Generating plots and reports...
2025-06-13 20:00:52,047 - INFO - Best model for sub-076 is 'EEG_Only'. Generating feature importances...
2025-06-13 20:00:52,576 - INFO - --- Loading and processing data for sub-077 ---
2025-06-13 20:00:52,678 - INFO - Extracting features from EEG data...
2025-06-13 20:00:53,431 - INFO - Extracting features from ECG data...
2025-06-13 20:00:53,805 - INFO - Loaded and processed 265 aligned windows for sub-077.
2025-06-13 20:00:53,809 - INFO - --- Running Cross-Validation for sub-077 - EEG_Only ---
2025-06-13 20:00:57,198 - INFO - --- CV Summary for sub-077 - EEG_Only ---
        accuracy    roc_auc  f1_seizure  recall_seizure  precision_seizure
count  15.000000  15.000000   15.000000       15.000000          15.000000
mean    0.967296   0.997963    0.898359        0.933333           0.877744
std     0.021942   0.003993    0.062977        0.079993           0.109657
min     0.924528   0.988889    0.800000        0.750000           0.666667
25%     0.952830   0.998611    0.849624        0.875000           0.788889
50%     0.962264   1.000000    0.888889        1.000000           0.888889
75%     0.981132   1.000000    0.941176        1.000000           1.000000
max     1.000000   1.000000    1.000000        1.000000           1.000000
2025-06-13 20:00:57,198 - INFO - Generating learning curve for EEG_Only...
2025-06-13 20:00:59,670 - INFO - --- Running Cross-Validation for sub-077 - ECG_Only ---
2025-06-13 20:01:03,180 - INFO - --- CV Summary for sub-077 - ECG_Only ---
        accuracy    roc_auc  f1_seizure  recall_seizure  precision_seizure
count  15.000000  15.000000   15.000000       15.000000          15.000000
mean    0.754717   0.638889    0.138105        0.133333           0.147965
std     0.037056   0.084810    0.098306        0.099851           0.102917
min     0.679245   0.487500    0.000000        0.000000           0.000000
25%     0.735849   0.568056    0.115132        0.125000           0.107955
50%     0.754717   0.658333    0.125000        0.125000           0.125000
75%     0.783019   0.705556    0.160256        0.125000           0.225000
max     0.811321   0.752778    0.352941        0.375000           0.333333
2025-06-13 20:01:03,180 - INFO - Generating learning curve for ECG_Only...
2025-06-13 20:01:05,959 - INFO - --- Running Cross-Validation for sub-077 - Fused_EEG_ECG ---
2025-06-13 20:01:09,418 - INFO - --- CV Summary for sub-077 - Fused_EEG_ECG ---
        accuracy    roc_auc  f1_seizure  recall_seizure  precision_seizure
count  15.000000  15.000000   15.000000       15.000000          15.000000
mean    0.966038   0.998148    0.894438        0.933333           0.870337
std     0.020421   0.003881    0.057816        0.079993           0.104438
min     0.924528   0.988889    0.800000        0.750000           0.666667
25%     0.952830   0.998611    0.849624        0.875000           0.788889
50%     0.962264   1.000000    0.888889        1.000000           0.888889
75%     0.981132   1.000000    0.941176        1.000000           0.944444
max     1.000000   1.000000    1.000000        1.000000           1.000000
2025-06-13 20:01:09,419 - INFO - Generating learning curve for Fused_EEG_ECG...
2025-06-13 20:01:11,827 - INFO - Generating plots and reports...
2025-06-13 20:01:12,635 - INFO - Best model for sub-077 is 'EEG_Only'. Generating feature importances...
2025-06-13 20:01:13,181 - INFO - --- Loading and processing data for sub-078 ---
2025-06-13 20:01:13,902 - INFO - Extracting features from EEG data...
2025-06-13 20:01:14,125 - INFO - Extracting features from ECG data...
2025-06-13 20:01:14,235 - INFO - Loaded and processed 78 aligned windows for sub-078.
2025-06-13 20:01:14,237 - INFO - --- Running Cross-Validation for sub-078 - EEG_Only ---
2025-06-13 20:01:17,537 - INFO - --- CV Summary for sub-078 - EEG_Only ---
        accuracy    roc_auc  f1_seizure  recall_seizure  precision_seizure
count  15.000000  15.000000   15.000000       15.000000          15.000000
mean    0.943889   0.987464    0.853810        0.866667           0.856667
std     0.068263   0.019928    0.188162        0.210819           0.188541
min     0.812500   0.944444    0.400000        0.333333           0.500000
25%     0.870833   0.973291    0.708333        0.666667           0.666667
50%     1.000000   1.000000    1.000000        1.000000           1.000000
75%     1.000000   1.000000    1.000000        1.000000           1.000000
max     1.000000   1.000000    1.000000        1.000000           1.000000
2025-06-13 20:01:17,537 - INFO - Generating learning curve for EEG_Only...
2025-06-13 20:01:20,004 - INFO - --- Running Cross-Validation for sub-078 - ECG_Only ---
2025-06-13 20:01:23,346 - INFO - --- CV Summary for sub-078 - ECG_Only ---
        accuracy    roc_auc  f1_seizure  recall_seizure  precision_seizure
count  15.000000  15.000000   15.000000       15.000000          15.000000
mean    0.918889   0.944302    0.778571        0.777778           0.823333
std     0.069932   0.065074    0.199007        0.241249           0.204881
min     0.812500   0.794872    0.400000        0.333333           0.500000
25%     0.866667   0.907051    0.666667        0.666667           0.666667
50%     0.933333   0.944444    0.800000        0.666667           1.000000
75%     1.000000   1.000000    1.000000        1.000000           1.000000
max     1.000000   1.000000    1.000000        1.000000           1.000000
2025-06-13 20:01:23,346 - INFO - Generating learning curve for ECG_Only...
2025-06-13 20:01:25,844 - INFO - --- Running Cross-Validation for sub-078 - Fused_EEG_ECG ---
2025-06-13 20:01:29,140 - INFO - --- CV Summary for sub-078 - Fused_EEG_ECG ---
        accuracy    roc_auc  f1_seizure  recall_seizure  precision_seizure
count  15.000000  15.000000   15.000000       15.000000          15.000000
mean    0.948889   0.989174    0.869683        0.911111           0.851111
std     0.059750   0.024767    0.169137        0.197872           0.176997
min     0.812500   0.916667    0.400000        0.333333           0.500000
25%     0.933333   1.000000    0.828571        1.000000           0.750000
50%     0.937500   1.000000    0.857143        1.000000           1.000000
75%     1.000000   1.000000    1.000000        1.000000           1.000000
max     1.000000   1.000000    1.000000        1.000000           1.000000
2025-06-13 20:01:29,140 - INFO - Generating learning curve for Fused_EEG_ECG...
2025-06-13 20:01:31,506 - INFO - Generating plots and reports...
2025-06-13 20:01:32,323 - INFO - Best model for sub-078 is 'Fused_EEG_ECG'. Generating feature importances...
2025-06-13 20:01:32,884 - INFO - --- Loading and processing data for sub-079 ---
2025-06-13 20:01:33,025 - INFO - Extracting features from EEG data...
2025-06-13 20:01:34,061 - INFO - Extracting features from ECG data...
2025-06-13 20:01:34,579 - INFO - Loaded and processed 367 aligned windows for sub-079.
2025-06-13 20:01:34,582 - INFO - --- Running Cross-Validation for sub-079 - EEG_Only ---
2025-06-13 20:01:38,049 - INFO - --- CV Summary for sub-079 - EEG_Only ---
        accuracy    roc_auc  f1_seizure  recall_seizure  precision_seizure
count  15.000000  15.000000   15.000000       15.000000          15.000000
mean    0.980933   0.930284    0.637143        0.544444           0.827778
std     0.011242   0.070061    0.239359        0.255625           0.296251
min     0.958904   0.725352    0.000000        0.000000           0.000000
25%     0.972973   0.908451    0.583333        0.416667           0.708333
50%     0.986301   0.934272    0.666667        0.500000           1.000000
75%     0.986301   0.975352    0.800000        0.666667           1.000000
max     1.000000   1.000000    1.000000        1.000000           1.000000
2025-06-13 20:01:38,050 - INFO - Generating learning curve for EEG_Only...
2025-06-13 20:01:40,630 - INFO - --- Running Cross-Validation for sub-079 - ECG_Only ---
2025-06-13 20:01:44,193 - INFO - --- CV Summary for sub-079 - ECG_Only ---
        accuracy    roc_auc  f1_seizure  recall_seizure  precision_seizure
count  15.000000  15.000000   15.000000       15.000000          15.000000
mean    0.943737   0.760675    0.093862        0.111111           0.083333
std     0.015103   0.140444    0.170893        0.195857           0.157485
min     0.905405   0.561905    0.000000        0.000000           0.000000
25%     0.938819   0.628773    0.000000        0.000000           0.000000
50%     0.945205   0.771429    0.000000        0.000000           0.000000
75%     0.945946   0.857394    0.111111        0.166667           0.083333
max     0.972603   0.971831    0.500000        0.500000           0.500000
2025-06-13 20:01:44,194 - INFO - Generating learning curve for ECG_Only...
2025-06-13 20:01:46,605 - INFO - --- Running Cross-Validation for sub-079 - Fused_EEG_ECG ---
2025-06-13 20:01:50,215 - INFO - --- CV Summary for sub-079 - Fused_EEG_ECG ---
        accuracy    roc_auc  f1_seizure  recall_seizure  precision_seizure
count  15.000000  15.000000   15.000000       15.000000          15.000000
mean    0.977305   0.929461    0.464444        0.355556           0.733333
std     0.011046   0.063178    0.319838        0.280777           0.457738
min     0.959459   0.802817    0.000000        0.000000           0.000000
25%     0.972603   0.888934    0.250000        0.166667           0.500000
50%     0.972973   0.938967    0.500000        0.333333           1.000000
75%     0.986301   0.982394    0.666667        0.500000           1.000000
max     1.000000   1.000000    1.000000        1.000000           1.000000
2025-06-13 20:01:50,216 - INFO - Generating learning curve for Fused_EEG_ECG...
2025-06-13 20:01:52,659 - INFO - Generating plots and reports...
2025-06-13 20:01:53,521 - INFO - Best model for sub-079 is 'EEG_Only'. Generating feature importances...
2025-06-13 20:01:54,097 - INFO - --- Loading and processing data for sub-080 ---
2025-06-13 20:01:54,605 - INFO - Extracting features from EEG data...
2025-06-13 20:01:55,109 - INFO - Extracting features from ECG data...
2025-06-13 20:01:55,359 - INFO - Loaded and processed 177 aligned windows for sub-080.
2025-06-13 20:01:55,362 - INFO - --- Running Cross-Validation for sub-080 - EEG_Only ---
2025-06-13 20:01:58,682 - INFO - --- CV Summary for sub-080 - EEG_Only ---
        accuracy  roc_auc  f1_seizure  recall_seizure  precision_seizure
count  15.000000     15.0   15.000000            15.0          15.000000
mean    0.986825      1.0    0.937831             1.0           0.893333
std     0.017968      0.0    0.083880             0.0           0.141253
min     0.944444      1.0    0.750000             1.0           0.600000
25%     0.971429      1.0    0.857143             1.0           0.750000
50%     1.000000      1.0    1.000000             1.0           1.000000
75%     1.000000      1.0    1.000000             1.0           1.000000
max     1.000000      1.0    1.000000             1.0           1.000000
2025-06-13 20:01:58,682 - INFO - Generating learning curve for EEG_Only...
2025-06-13 20:02:01,065 - INFO - --- Running Cross-Validation for sub-080 - ECG_Only ---
2025-06-13 20:02:04,557 - INFO - --- CV Summary for sub-080 - ECG_Only ---
        accuracy    roc_auc  f1_seizure  recall_seizure  precision_seizure
count  15.000000  15.000000   15.000000       15.000000          15.000000
mean    0.849206   0.721023    0.161857        0.194444           0.146111
std     0.058640   0.148568    0.201753        0.243296           0.182543
min     0.742857   0.437500    0.000000        0.000000           0.000000
25%     0.816667   0.622396    0.000000        0.000000           0.000000
50%     0.861111   0.732323    0.000000        0.000000           0.000000
75%     0.885714   0.854167    0.309524        0.333333           0.333333
max     0.916667   0.929293    0.571429        0.666667           0.500000
2025-06-13 20:02:04,558 - INFO - Generating learning curve for ECG_Only...
2025-06-13 20:02:06,950 - INFO - --- Running Cross-Validation for sub-080 - Fused_EEG_ECG ---
2025-06-13 20:02:10,456 - INFO - --- CV Summary for sub-080 - Fused_EEG_ECG ---
        accuracy  roc_auc  f1_seizure  recall_seizure  precision_seizure
count  15.000000     15.0   15.000000            15.0          15.000000
mean    0.994392      1.0    0.973810             1.0           0.956667
std     0.015655      0.0    0.072021             0.0           0.117817
min     0.944444      1.0    0.750000             1.0           0.600000
25%     1.000000      1.0    1.000000             1.0           1.000000
50%     1.000000      1.0    1.000000             1.0           1.000000
75%     1.000000      1.0    1.000000             1.0           1.000000
max     1.000000      1.0    1.000000             1.0           1.000000
2025-06-13 20:02:10,456 - INFO - Generating learning curve for Fused_EEG_ECG...
2025-06-13 20:02:12,953 - INFO - Generating plots and reports...
2025-06-13 20:02:13,778 - INFO - Best model for sub-080 is 'Fused_EEG_ECG'. Generating feature importances...
2025-06-13 20:02:14,334 - INFO - --- Loading and processing data for sub-081 ---
2025-06-13 20:02:14,463 - INFO - Extracting features from EEG data...
2025-06-13 20:02:15,126 - INFO - Extracting features from ECG data...
2025-06-13 20:02:15,457 - INFO - Loaded and processed 234 aligned windows for sub-081.
2025-06-13 20:02:15,461 - INFO - --- Running Cross-Validation for sub-081 - EEG_Only ---
2025-06-13 20:02:18,813 - INFO - --- CV Summary for sub-081 - EEG_Only ---
       accuracy       roc_auc  f1_seizure  recall_seizure  precision_seizure
count      15.0  1.500000e+01        15.0            15.0               15.0
mean        1.0  1.000000e+00         1.0             1.0                1.0
std         0.0  2.967196e-17         0.0             0.0                0.0
min         1.0  1.000000e+00         1.0             1.0                1.0
25%         1.0  1.000000e+00         1.0             1.0                1.0
50%         1.0  1.000000e+00         1.0             1.0                1.0
75%         1.0  1.000000e+00         1.0             1.0                1.0
max         1.0  1.000000e+00         1.0             1.0                1.0
2025-06-13 20:02:18,813 - INFO - Generating learning curve for EEG_Only...
2025-06-13 20:02:21,288 - INFO - --- Running Cross-Validation for sub-081 - ECG_Only ---
2025-06-13 20:02:24,755 - INFO - --- CV Summary for sub-081 - ECG_Only ---
        accuracy    roc_auc  f1_seizure  recall_seizure  precision_seizure
count  15.000000  15.000000   15.000000       15.000000          15.000000
mean    0.830466   0.468391    0.014815        0.016667           0.013333
std     0.033720   0.160749    0.057378        0.064550           0.051640
min     0.765957   0.178571    0.000000        0.000000           0.000000
25%     0.808511   0.353571    0.000000        0.000000           0.000000
50%     0.829787   0.479167    0.000000        0.000000           0.000000
75%     0.849445   0.598214    0.000000        0.000000           0.000000
max     0.893617   0.726744    0.222222        0.250000           0.200000
2025-06-13 20:02:24,755 - INFO - Generating learning curve for ECG_Only...
2025-06-13 20:02:27,277 - INFO - --- Running Cross-Validation for sub-081 - Fused_EEG_ECG ---
2025-06-13 20:02:30,817 - INFO - --- CV Summary for sub-081 - Fused_EEG_ECG ---
       accuracy  roc_auc  f1_seizure  recall_seizure  precision_seizure
count      15.0     15.0        15.0            15.0               15.0
mean        1.0      1.0         1.0             1.0                1.0
std         0.0      0.0         0.0             0.0                0.0
min         1.0      1.0         1.0             1.0                1.0
25%         1.0      1.0         1.0             1.0                1.0
50%         1.0      1.0         1.0             1.0                1.0
75%         1.0      1.0         1.0             1.0                1.0
max         1.0      1.0         1.0             1.0                1.0
2025-06-13 20:02:30,818 - INFO - Generating learning curve for Fused_EEG_ECG...
2025-06-13 20:02:33,365 - INFO - Generating plots and reports...
2025-06-13 20:02:34,220 - INFO - Best model for sub-081 is 'EEG_Only'. Generating feature importances...
2025-06-13 20:02:34,777 - INFO - --- Loading and processing data for sub-082 ---
2025-06-13 20:02:34,956 - INFO - Extracting features from EEG data...
2025-06-13 20:02:35,160 - INFO - Extracting features from ECG data...
2025-06-13 20:02:35,260 - INFO - Loaded and processed 70 aligned windows for sub-082.
2025-06-13 20:02:35,263 - INFO - --- Running Cross-Validation for sub-082 - EEG_Only ---
2025-06-13 20:02:38,501 - INFO - --- CV Summary for sub-082 - EEG_Only ---
        accuracy    roc_auc  f1_seizure  recall_seizure  precision_seizure
count  15.000000  15.000000   15.000000       15.000000          15.000000
mean    0.838095   0.792929    0.587460        0.555556           0.713333
std     0.116016   0.173398    0.292006        0.308070           0.355412
min     0.571429   0.515152    0.000000        0.000000           0.000000
25%     0.785714   0.636364    0.366667        0.333333           0.416667
50%     0.857143   0.800000    0.571429        0.666667           1.000000
75%     0.928571   0.932197    0.800000        0.708333           1.000000
max     1.000000   1.000000    1.000000        1.000000           1.000000
2025-06-13 20:02:38,501 - INFO - Generating learning curve for EEG_Only...
2025-06-13 20:02:40,995 - INFO - --- Running Cross-Validation for sub-082 - ECG_Only ---
2025-06-13 20:02:44,299 - INFO - --- CV Summary for sub-082 - ECG_Only ---
        accuracy    roc_auc  f1_seizure  recall_seizure  precision_seizure
count  15.000000  15.000000   15.000000       15.000000          15.000000
mean    0.823810   0.869495    0.628802        0.761111           0.574762
std     0.045710   0.099680    0.198125        0.293560           0.206518
min     0.785714   0.696970    0.000000        0.000000           0.000000
25%     0.785714   0.787879    0.571429        0.666667           0.500000
50%     0.785714   0.909091    0.666667        0.750000           0.600000
75%     0.857143   0.939394    0.738636        1.000000           0.666667
max     0.928571   1.000000    0.857143        1.000000           1.000000
2025-06-13 20:02:44,299 - INFO - Generating learning curve for ECG_Only...
2025-06-13 20:02:46,832 - INFO - --- Running Cross-Validation for sub-082 - Fused_EEG_ECG ---
2025-06-13 20:02:50,159 - INFO - --- CV Summary for sub-082 - Fused_EEG_ECG ---
        accuracy    roc_auc  f1_seizure  recall_seizure  precision_seizure
count  15.000000  15.000000   15.000000       15.000000          15.000000
mean    0.871429   0.852273    0.645767        0.616667           0.714444
std     0.072442   0.136157    0.269347        0.308285           0.282272
min     0.785714   0.636364    0.000000        0.000000           0.000000
25%     0.785714   0.757576    0.400000        0.333333           0.500000
50%     0.857143   0.818182    0.750000        0.666667           0.750000
75%     0.928571   0.987500    0.828571        0.875000           1.000000
max     1.000000   1.000000    1.000000        1.000000           1.000000
2025-06-13 20:02:50,159 - INFO - Generating learning curve for Fused_EEG_ECG...
2025-06-13 20:02:52,623 - INFO - Generating plots and reports...
2025-06-13 20:02:53,445 - INFO - Best model for sub-082 is 'Fused_EEG_ECG'. Generating feature importances...
2025-06-13 20:02:53,978 - INFO - --- Loading and processing data for sub-083 ---
2025-06-13 20:02:54,496 - INFO - Extracting features from EEG data...
2025-06-13 20:02:54,658 - INFO - Extracting features from ECG data...
2025-06-13 20:02:54,739 - INFO - Loaded and processed 57 aligned windows for sub-083.
2025-06-13 20:02:54,739 - INFO - --- Running Cross-Validation for sub-083 - EEG_Only ---
2025-06-13 20:02:54,739 - WARNING - Not enough seizure samples (3) for 5-fold CV. Skipping EEG_Only.
2025-06-13 20:02:54,739 - INFO - --- Running Cross-Validation for sub-083 - ECG_Only ---
2025-06-13 20:02:54,739 - WARNING - Not enough seizure samples (3) for 5-fold CV. Skipping ECG_Only.
2025-06-13 20:02:54,739 - INFO - --- Running Cross-Validation for sub-083 - Fused_EEG_ECG ---
2025-06-13 20:02:54,740 - WARNING - Not enough seizure samples (3) for 5-fold CV. Skipping Fused_EEG_ECG.
2025-06-13 20:02:54,810 - INFO - --- Loading and processing data for sub-084 ---
2025-06-13 20:02:54,948 - INFO - Extracting features from EEG data...
2025-06-13 20:02:56,635 - INFO - Extracting features from ECG data...
2025-06-13 20:02:57,476 - INFO - Loaded and processed 597 aligned windows for sub-084.
2025-06-13 20:02:57,478 - INFO - --- Running Cross-Validation for sub-084 - EEG_Only ---
2025-06-13 20:03:00,986 - INFO - --- CV Summary for sub-084 - EEG_Only ---
        accuracy    roc_auc  f1_seizure  recall_seizure  precision_seizure
count  15.000000  15.000000   15.000000            15.0          15.000000
mean    0.986606   0.999690    0.939354             1.0           0.888535
std     0.009904   0.000867    0.043025             0.0           0.076458
min     0.966387   0.996914    0.857143             1.0           0.750000
25%     0.983193   1.000000    0.923077             1.0           0.857143
50%     0.983333   1.000000    0.923077             1.0           0.857143
75%     0.991632   1.000000    0.960000             1.0           0.923077
max     1.000000   1.000000    1.000000             1.0           1.000000
2025-06-13 20:03:00,986 - INFO - Generating learning curve for EEG_Only...
2025-06-13 20:03:03,285 - INFO - --- Running Cross-Validation for sub-084 - ECG_Only ---
2025-06-13 20:03:06,938 - INFO - --- CV Summary for sub-084 - ECG_Only ---
        accuracy    roc_auc  f1_seizure  recall_seizure  precision_seizure
count  15.000000  15.000000   15.000000       15.000000          15.000000
mean    0.817400   0.747531    0.249473        0.311111           0.212925
std     0.022613   0.037095    0.079787        0.123871           0.062790
min     0.789916   0.677960    0.148148        0.166667           0.133333
25%     0.798319   0.732446    0.170290        0.166667           0.171569
50%     0.808333   0.747685    0.250000        0.333333           0.200000
75%     0.836835   0.767457    0.318412        0.416667           0.250000
max     0.865546   0.816199    0.384615        0.500000           0.357143
2025-06-13 20:03:06,938 - INFO - Generating learning curve for ECG_Only...
2025-06-13 20:03:09,433 - INFO - --- Running Cross-Validation for sub-084 - Fused_EEG_ECG ---
2025-06-13 20:03:13,046 - INFO - --- CV Summary for sub-084 - Fused_EEG_ECG ---
        accuracy    roc_auc  f1_seizure  recall_seizure  precision_seizure
count  15.000000  15.000000   15.000000            15.0          15.000000
mean    0.986046   0.999639    0.936892             1.0           0.884139
std     0.009838   0.000870    0.042815             0.0           0.076225
min     0.966387   0.996914    0.857143             1.0           0.750000
25%     0.983193   1.000000    0.923077             1.0           0.857143
50%     0.983333   1.000000    0.923077             1.0           0.857143
75%     0.991632   1.000000    0.960000             1.0           0.923077
max     1.000000   1.000000    1.000000             1.0           1.000000
2025-06-13 20:03:13,047 - INFO - Generating learning curve for Fused_EEG_ECG...
2025-06-13 20:03:15,401 - INFO - Generating plots and reports...
2025-06-13 20:03:16,239 - INFO - Best model for sub-084 is 'EEG_Only'. Generating feature importances...
2025-06-13 20:03:16,824 - INFO - --- Loading and processing data for sub-085 ---
2025-06-13 20:03:16,949 - INFO - Extracting features from EEG data...
2025-06-13 20:03:17,540 - INFO - Extracting features from ECG data...
2025-06-13 20:03:17,834 - INFO - Loaded and processed 206 aligned windows for sub-085.
2025-06-13 20:03:17,838 - INFO - --- Running Cross-Validation for sub-085 - EEG_Only ---
2025-06-13 20:03:21,278 - INFO - --- CV Summary for sub-085 - EEG_Only ---
        accuracy    roc_auc  f1_seizure  recall_seizure  precision_seizure
count  15.000000  15.000000   15.000000       15.000000          15.000000
mean    0.987108   0.960000    0.857778        0.933333           0.811111
std     0.017940   0.154919    0.262910        0.258199           0.287757
min     0.951220   0.400000    0.000000        0.000000           0.000000
25%     0.975610   1.000000    0.800000        1.000000           0.666667
50%     1.000000   1.000000    1.000000        1.000000           1.000000
75%     1.000000   1.000000    1.000000        1.000000           1.000000
max     1.000000   1.000000    1.000000        1.000000           1.000000
2025-06-13 20:03:21,278 - INFO - Generating learning curve for EEG_Only...
2025-06-13 20:03:23,678 - INFO - --- Running Cross-Validation for sub-085 - ECG_Only ---
2025-06-13 20:03:27,219 - INFO - --- CV Summary for sub-085 - ECG_Only ---
        accuracy    roc_auc  f1_seizure  recall_seizure  precision_seizure
count  15.000000  15.000000        15.0            15.0               15.0
mean    0.917460   0.691506         0.0             0.0                0.0
std     0.023886   0.156929         0.0             0.0                0.0
min     0.878049   0.435897         0.0             0.0                0.0
25%     0.902439   0.576923         0.0             0.0                0.0
50%     0.926829   0.679487         0.0             0.0                0.0
75%     0.926829   0.846154         0.0             0.0                0.0
max     0.952381   0.910256         0.0             0.0                0.0
2025-06-13 20:03:27,220 - INFO - Generating learning curve for ECG_Only...
2025-06-13 20:03:29,668 - INFO - --- Running Cross-Validation for sub-085 - Fused_EEG_ECG ---
2025-06-13 20:03:33,143 - INFO - --- CV Summary for sub-085 - Fused_EEG_ECG ---
        accuracy    roc_auc  f1_seizure  recall_seizure  precision_seizure
count  15.000000  15.000000   15.000000       15.000000          15.000000
mean    0.987147   0.953291    0.817778        0.800000           0.888889
std     0.015359   0.170433    0.270762        0.316228           0.272166
min     0.952381   0.337500    0.000000        0.000000           0.000000
25%     0.975610   0.993750    0.666667        0.500000           1.000000
50%     1.000000   1.000000    1.000000        1.000000           1.000000
75%     1.000000   1.000000    1.000000        1.000000           1.000000
max     1.000000   1.000000    1.000000        1.000000           1.000000
2025-06-13 20:03:33,143 - INFO - Generating learning curve for Fused_EEG_ECG...
2025-06-13 20:03:35,675 - INFO - Generating plots and reports...
2025-06-13 20:03:36,500 - INFO - Best model for sub-085 is 'EEG_Only'. Generating feature importances...
2025-06-13 20:03:37,069 - INFO - --- Loading and processing data for sub-086 ---
2025-06-13 20:03:37,933 - INFO - Extracting features from EEG data...
2025-06-13 20:03:39,393 - INFO - Extracting features from ECG data...
2025-06-13 20:03:40,122 - INFO - Loaded and processed 511 aligned windows for sub-086.
2025-06-13 20:03:40,124 - INFO - --- Running Cross-Validation for sub-086 - EEG_Only ---
2025-06-13 20:03:43,616 - INFO - --- CV Summary for sub-086 - EEG_Only ---
        accuracy    roc_auc  f1_seizure  recall_seizure  precision_seizure
count  15.000000  15.000000   15.000000       15.000000          15.000000
mean    0.991510   0.999275    0.957427        0.973333           0.943030
std     0.015218   0.001956    0.075393        0.070373           0.085451
min     0.950980   0.993478    0.761905        0.800000           0.727273
25%     0.990196   1.000000    0.949875        1.000000           0.904545
50%     1.000000   1.000000    1.000000        1.000000           1.000000
75%     1.000000   1.000000    1.000000        1.000000           1.000000
max     1.000000   1.000000    1.000000        1.000000           1.000000
2025-06-13 20:03:43,616 - INFO - Generating learning curve for EEG_Only...
2025-06-13 20:03:45,967 - INFO - --- Running Cross-Validation for sub-086 - ECG_Only ---
2025-06-13 20:03:49,574 - INFO - --- CV Summary for sub-086 - ECG_Only ---
        accuracy    roc_auc  f1_seizure  recall_seizure  precision_seizure
count  15.000000  15.000000   15.000000       15.000000          15.000000
mean    0.808198   0.649476    0.104349        0.126667           0.090770
std     0.019376   0.046119    0.078618        0.099717           0.067946
min     0.774510   0.565591    0.000000        0.000000           0.000000
25%     0.803922   0.623098    0.045455        0.050000           0.041667
50%     0.803922   0.664130    0.100000        0.100000           0.090909
75%     0.819532   0.685363    0.153846        0.222222           0.117647
max     0.852941   0.707065    0.240000        0.300000           0.200000
2025-06-13 20:03:49,575 - INFO - Generating learning curve for ECG_Only...
2025-06-13 20:03:52,039 - INFO - --- Running Cross-Validation for sub-086 - Fused_EEG_ECG ---
2025-06-13 20:03:55,595 - INFO - --- CV Summary for sub-086 - Fused_EEG_ECG ---
        accuracy    roc_auc  f1_seizure  recall_seizure  precision_seizure
count  15.000000  15.000000   15.000000       15.000000          15.000000
mean    0.992823   0.999123    0.960856        0.951852           0.973805
std     0.008660   0.001937    0.047275        0.075554           0.045184
min     0.970588   0.993478    0.842105        0.800000           0.888889
25%     0.990196   0.999457    0.944272        0.894444           0.954545
50%     0.990291   1.000000    0.952381        1.000000           1.000000
75%     1.000000   1.000000    1.000000        1.000000           1.000000
max     1.000000   1.000000    1.000000        1.000000           1.000000
2025-06-13 20:03:55,595 - INFO - Generating learning curve for Fused_EEG_ECG...
2025-06-13 20:03:57,883 - INFO - Generating plots and reports...
2025-06-13 20:03:58,786 - INFO - Best model for sub-086 is 'Fused_EEG_ECG'. Generating feature importances...
2025-06-13 20:03:59,378 - INFO - --- Loading and processing data for sub-087 ---
2025-06-13 20:04:00,535 - INFO - Extracting features from EEG data...
2025-06-13 20:04:31,432 - INFO - Extracting features from ECG data...
2025-06-13 20:04:46,885 - INFO - Loaded and processed 10982 aligned windows for sub-087.
2025-06-13 20:04:46,896 - INFO - --- Running Cross-Validation for sub-087 - EEG_Only ---
2025-06-13 20:04:51,453 - INFO - --- CV Summary for sub-087 - EEG_Only ---
       accuracy       roc_auc  f1_seizure  recall_seizure  precision_seizure
count      15.0  1.500000e+01        15.0            15.0               15.0
mean        1.0  1.000000e+00         1.0             1.0                1.0
std         0.0  2.967196e-17         0.0             0.0                0.0
min         1.0  1.000000e+00         1.0             1.0                1.0
25%         1.0  1.000000e+00         1.0             1.0                1.0
50%         1.0  1.000000e+00         1.0             1.0                1.0
75%         1.0  1.000000e+00         1.0             1.0                1.0
max         1.0  1.000000e+00         1.0             1.0                1.0
2025-06-13 20:04:51,453 - INFO - Generating learning curve for EEG_Only...
2025-06-13 20:04:55,071 - INFO - --- Running Cross-Validation for sub-087 - ECG_Only ---
2025-06-13 20:04:59,744 - INFO - --- CV Summary for sub-087 - ECG_Only ---
        accuracy    roc_auc  f1_seizure  recall_seizure  precision_seizure
count  15.000000  15.000000   15.000000       15.000000          15.000000
mean    0.744005   0.478547    0.121234        0.195960           0.087803
std     0.007286   0.022074    0.013680        0.023395           0.009790
min     0.730542   0.439021    0.103030        0.166667           0.073593
25%     0.739982   0.465191    0.111455        0.174242           0.080862
50%     0.743625   0.475100    0.117284        0.191919           0.087179
75%     0.746415   0.493700    0.130464        0.214646           0.093716
max     0.763314   0.510971    0.147239        0.242424           0.105727
2025-06-13 20:04:59,744 - INFO - Generating learning curve for ECG_Only...
2025-06-13 20:05:04,629 - INFO - --- Running Cross-Validation for sub-087 - Fused_EEG_ECG ---
2025-06-13 20:05:09,355 - INFO - --- CV Summary for sub-087 - Fused_EEG_ECG ---
       accuracy       roc_auc  f1_seizure  recall_seizure  precision_seizure
count      15.0  1.500000e+01        15.0            15.0               15.0
mean        1.0  1.000000e+00         1.0             1.0                1.0
std         0.0  5.934392e-17         0.0             0.0                0.0
min         1.0  1.000000e+00         1.0             1.0                1.0
25%         1.0  1.000000e+00         1.0             1.0                1.0
50%         1.0  1.000000e+00         1.0             1.0                1.0
75%         1.0  1.000000e+00         1.0             1.0                1.0
max         1.0  1.000000e+00         1.0             1.0                1.0
2025-06-13 20:05:09,356 - INFO - Generating learning curve for Fused_EEG_ECG...
2025-06-13 20:05:13,688 - INFO - Generating plots and reports...
2025-06-13 20:05:14,548 - INFO - Best model for sub-087 is 'EEG_Only'. Generating feature importances...
2025-06-13 20:05:15,177 - INFO - --- Loading and processing data for sub-088 ---
2025-06-13 20:05:15,379 - INFO - Extracting features from EEG data...
2025-06-13 20:05:15,444 - INFO - Extracting features from ECG data...
2025-06-13 20:05:15,475 - INFO - Loaded and processed 22 aligned windows for sub-088.
2025-06-13 20:05:15,476 - INFO - --- Running Cross-Validation for sub-088 - EEG_Only ---
2025-06-13 20:05:15,476 - WARNING - Not enough seizure samples (2) for 5-fold CV. Skipping EEG_Only.
2025-06-13 20:05:15,476 - INFO - --- Running Cross-Validation for sub-088 - ECG_Only ---
2025-06-13 20:05:15,476 - WARNING - Not enough seizure samples (2) for 5-fold CV. Skipping ECG_Only.
2025-06-13 20:05:15,476 - INFO - --- Running Cross-Validation for sub-088 - Fused_EEG_ECG ---
2025-06-13 20:05:15,476 - WARNING - Not enough seizure samples (2) for 5-fold CV. Skipping Fused_EEG_ECG.
2025-06-13 20:05:15,560 - INFO - --- Loading and processing data for sub-089 ---
2025-06-13 20:05:16,286 - INFO - Extracting features from EEG data...
2025-06-13 20:05:20,698 - INFO - Extracting features from ECG data...
2025-06-13 20:05:22,903 - INFO - Loaded and processed 1554 aligned windows for sub-089.
2025-06-13 20:05:22,906 - INFO - --- Running Cross-Validation for sub-089 - EEG_Only ---
2025-06-13 20:05:26,834 - INFO - --- CV Summary for sub-089 - EEG_Only ---
       accuracy  roc_auc  f1_seizure  recall_seizure  precision_seizure
count      15.0     15.0        15.0            15.0               15.0
mean        1.0      1.0         1.0             1.0                1.0
std         0.0      0.0         0.0             0.0                0.0
min         1.0      1.0         1.0             1.0                1.0
25%         1.0      1.0         1.0             1.0                1.0
50%         1.0      1.0         1.0             1.0                1.0
75%         1.0      1.0         1.0             1.0                1.0
max         1.0      1.0         1.0             1.0                1.0
2025-06-13 20:05:26,834 - INFO - Generating learning curve for EEG_Only...
2025-06-13 20:05:29,413 - INFO - --- Running Cross-Validation for sub-089 - ECG_Only ---
2025-06-13 20:05:33,453 - INFO - --- CV Summary for sub-089 - ECG_Only ---
        accuracy    roc_auc  f1_seizure  recall_seizure  precision_seizure
count  15.000000  15.000000   15.000000       15.000000          15.000000
mean    0.873654   0.630228    0.005800        0.012121           0.003813
std     0.015301   0.081702    0.015310        0.031988           0.010066
min     0.854839   0.495591    0.000000        0.000000           0.000000
25%     0.861736   0.585240    0.000000        0.000000           0.000000
50%     0.870968   0.637273    0.000000        0.000000           0.000000
75%     0.882637   0.694614    0.000000        0.000000           0.000000
max     0.906752   0.751596    0.044444        0.090909           0.029412
2025-06-13 20:05:33,454 - INFO - Generating learning curve for ECG_Only...
2025-06-13 20:05:35,715 - INFO - --- Running Cross-Validation for sub-089 - Fused_EEG_ECG ---
2025-06-13 20:05:39,767 - INFO - --- CV Summary for sub-089 - Fused_EEG_ECG ---
       accuracy  roc_auc  f1_seizure  recall_seizure  precision_seizure
count      15.0     15.0        15.0            15.0               15.0
mean        1.0      1.0         1.0             1.0                1.0
std         0.0      0.0         0.0             0.0                0.0
min         1.0      1.0         1.0             1.0                1.0
25%         1.0      1.0         1.0             1.0                1.0
50%         1.0      1.0         1.0             1.0                1.0
75%         1.0      1.0         1.0             1.0                1.0
max         1.0      1.0         1.0             1.0                1.0
2025-06-13 20:05:39,768 - INFO - Generating learning curve for Fused_EEG_ECG...
2025-06-13 20:05:42,008 - INFO - Generating plots and reports...
2025-06-13 20:05:42,822 - INFO - Best model for sub-089 is 'EEG_Only'. Generating feature importances...
2025-06-13 20:05:43,418 - INFO - --- Loading and processing data for sub-090 ---
2025-06-13 20:05:43,662 - INFO - Extracting features from EEG data...
2025-06-13 20:05:44,988 - INFO - Extracting features from ECG data...
2025-06-13 20:05:45,652 - INFO - Loaded and processed 462 aligned windows for sub-090.
2025-06-13 20:05:45,654 - INFO - --- Running Cross-Validation for sub-090 - EEG_Only ---
2025-06-13 20:05:49,007 - INFO - --- CV Summary for sub-090 - EEG_Only ---
        accuracy  roc_auc  f1_seizure  recall_seizure  precision_seizure
count  15.000000     15.0   15.000000       15.000000          15.000000
mean    0.996400      1.0    0.993246        0.997222           0.989538
std     0.005270      0.0    0.009894        0.010758           0.017962
min     0.989130      1.0    0.978723        0.958333           0.960000
25%     0.989247      1.0    0.980392        1.000000           0.980769
50%     1.000000      1.0    1.000000        1.000000           1.000000
75%     1.000000      1.0    1.000000        1.000000           1.000000
max     1.000000      1.0    1.000000        1.000000           1.000000
2025-06-13 20:05:49,007 - INFO - Generating learning curve for EEG_Only...
2025-06-13 20:05:51,526 - INFO - --- Running Cross-Validation for sub-090 - ECG_Only ---
2025-06-13 20:05:54,997 - INFO - --- CV Summary for sub-090 - ECG_Only ---
        accuracy    roc_auc  f1_seizure  recall_seizure  precision_seizure
count  15.000000  15.000000   15.000000       15.000000          15.000000
mean    0.593096   0.609053    0.322062        0.374778           0.286471
std     0.055759   0.064941    0.093705        0.126651           0.080210
min     0.521739   0.524457    0.120000        0.125000           0.115385
25%     0.551367   0.560509    0.288499        0.305833           0.253565
50%     0.586957   0.595109    0.313725        0.375000           0.288889
75%     0.639785   0.644877    0.372079        0.479167           0.330144
max     0.684783   0.732537    0.491228        0.583333           0.424242
2025-06-13 20:05:54,997 - INFO - Generating learning curve for ECG_Only...
2025-06-13 20:05:57,464 - INFO - --- Running Cross-Validation for sub-090 - Fused_EEG_ECG ---
2025-06-13 20:06:00,834 - INFO - --- CV Summary for sub-090 - Fused_EEG_ECG ---
        accuracy    roc_auc  f1_seizure  recall_seizure  precision_seizure
count  15.000000  15.000000   15.000000       15.000000          15.000000
mean    0.992060   0.999838    0.984796        0.980667           0.989325
std     0.007613   0.000278    0.014474        0.021398           0.018334
min     0.978261   0.999387    0.958333        0.958333           0.958333
25%     0.989130   0.999706    0.978723        0.958333           0.980769
50%     0.989247   1.000000    0.979592        1.000000           1.000000
75%     1.000000   1.000000    1.000000        1.000000           1.000000
max     1.000000   1.000000    1.000000        1.000000           1.000000
2025-06-13 20:06:00,834 - INFO - Generating learning curve for Fused_EEG_ECG...
2025-06-13 20:06:03,208 - INFO - Generating plots and reports...
2025-06-13 20:06:04,020 - INFO - Best model for sub-090 is 'EEG_Only'. Generating feature importances...
2025-06-13 20:06:04,567 - INFO - --- Loading and processing data for sub-091 ---
2025-06-13 20:06:04,681 - INFO - Extracting features from EEG data...
2025-06-13 20:06:05,211 - INFO - Extracting features from ECG data...
2025-06-13 20:06:05,474 - INFO - Loaded and processed 186 aligned windows for sub-091.
2025-06-13 20:06:05,475 - INFO - --- Running Cross-Validation for sub-091 - EEG_Only ---
2025-06-13 20:06:08,807 - INFO - --- CV Summary for sub-091 - EEG_Only ---
        accuracy       roc_auc  f1_seizure  recall_seizure  precision_seizure
count  15.000000  1.500000e+01   15.000000       15.000000               15.0
mean    0.992793  1.000000e+00    0.973333        0.961905                1.0
std     0.027913  4.196249e-17    0.103280        0.147542                0.0
min     0.891892  1.000000e+00    0.600000        0.428571                1.0
25%     1.000000  1.000000e+00    1.000000        1.000000                1.0
50%     1.000000  1.000000e+00    1.000000        1.000000                1.0
75%     1.000000  1.000000e+00    1.000000        1.000000                1.0
max     1.000000  1.000000e+00    1.000000        1.000000                1.0
2025-06-13 20:06:08,808 - INFO - Generating learning curve for EEG_Only...
2025-06-13 20:06:11,249 - INFO - --- Running Cross-Validation for sub-091 - ECG_Only ---
2025-06-13 20:06:14,672 - INFO - --- CV Summary for sub-091 - ECG_Only ---
        accuracy    roc_auc  f1_seizure  recall_seizure  precision_seizure
count  15.000000  15.000000   15.000000       15.000000          15.000000
mean    0.738359   0.683095    0.416738        0.492857           0.381692
std     0.062117   0.107587    0.109464        0.168842           0.116276
min     0.621622   0.504762    0.142857        0.142857           0.142857
25%     0.679943   0.605952    0.400000        0.401786           0.300905
50%     0.756757   0.664286    0.461538        0.571429           0.400000
75%     0.797297   0.775893    0.470588        0.571429           0.472222
max     0.815789   0.820833    0.588235        0.714286           0.600000
2025-06-13 20:06:14,672 - INFO - Generating learning curve for ECG_Only...
2025-06-13 20:06:17,130 - INFO - --- Running Cross-Validation for sub-091 - Fused_EEG_ECG ---
2025-06-13 20:06:20,580 - INFO - --- CV Summary for sub-091 - Fused_EEG_ECG ---
        accuracy  roc_auc  f1_seizure  recall_seizure  precision_seizure
count  15.000000     15.0   15.000000       15.000000               15.0
mean    0.992793      1.0    0.973333        0.961905                1.0
std     0.027913      0.0    0.103280        0.147542                0.0
min     0.891892      1.0    0.600000        0.428571                1.0
25%     1.000000      1.0    1.000000        1.000000                1.0
50%     1.000000      1.0    1.000000        1.000000                1.0
75%     1.000000      1.0    1.000000        1.000000                1.0
max     1.000000      1.0    1.000000        1.000000                1.0
2025-06-13 20:06:20,580 - INFO - Generating learning curve for Fused_EEG_ECG...
2025-06-13 20:06:23,050 - INFO - Generating plots and reports...
2025-06-13 20:06:23,867 - INFO - Best model for sub-091 is 'EEG_Only'. Generating feature importances...
2025-06-13 20:06:24,377 - INFO - --- Loading and processing data for sub-092 ---
2025-06-13 20:06:24,693 - INFO - Extracting features from EEG data...
2025-06-13 20:06:27,106 - INFO - Extracting features from ECG data...
2025-06-13 20:06:28,310 - INFO - Loaded and processed 860 aligned windows for sub-092.
2025-06-13 20:06:28,312 - INFO - --- Running Cross-Validation for sub-092 - EEG_Only ---
2025-06-13 20:06:32,075 - INFO - --- CV Summary for sub-092 - EEG_Only ---
        accuracy    roc_auc  f1_seizure  recall_seizure  precision_seizure
count  15.000000  15.000000   15.000000       15.000000          15.000000
mean    0.993411   0.989401    0.941129        0.970370           0.918636
std     0.010276   0.038031    0.090506        0.078192           0.117751
min     0.965116   0.852079    0.700000        0.777778           0.636364
25%     0.988372   0.998897    0.894444        1.000000           0.846591
50%     1.000000   1.000000    1.000000        1.000000           1.000000
75%     1.000000   1.000000    1.000000        1.000000           1.000000
max     1.000000   1.000000    1.000000        1.000000           1.000000
2025-06-13 20:06:32,076 - INFO - Generating learning curve for EEG_Only...
2025-06-13 20:06:34,381 - INFO - --- Running Cross-Validation for sub-092 - ECG_Only ---
2025-06-13 20:06:38,331 - INFO - --- CV Summary for sub-092 - ECG_Only ---
        accuracy    roc_auc  f1_seizure  recall_seizure  precision_seizure
count  15.000000  15.000000   15.000000       15.000000          15.000000
mean    0.851938   0.623492    0.038766        0.062037           0.028364
std     0.018629   0.080109    0.048456        0.076590           0.035695
min     0.825581   0.481936    0.000000        0.000000           0.000000
25%     0.840116   0.566292    0.000000        0.000000           0.000000
50%     0.848837   0.647921    0.000000        0.000000           0.000000
75%     0.863372   0.679618    0.070197        0.111111           0.051316
max     0.889535   0.751534    0.160000        0.250000           0.117647
2025-06-13 20:06:38,332 - INFO - Generating learning curve for ECG_Only...
2025-06-13 20:06:40,652 - INFO - --- Running Cross-Validation for sub-092 - Fused_EEG_ECG ---
2025-06-13 20:06:44,524 - INFO - --- CV Summary for sub-092 - Fused_EEG_ECG ---
        accuracy    roc_auc  f1_seizure  recall_seizure  precision_seizure
count  15.000000  15.000000   15.000000       15.000000          15.000000
mean    0.990310   0.992690    0.910644        0.939815           0.891768
std     0.009494   0.023611    0.086277        0.083278           0.121980
min     0.970930   0.907635    0.736842        0.777778           0.666667
25%     0.982558   0.997834    0.840336        0.888889           0.797980
50%     0.994186   1.000000    0.941176        1.000000           0.900000
75%     1.000000   1.000000    1.000000        1.000000           1.000000
max     1.000000   1.000000    1.000000        1.000000           1.000000
2025-06-13 20:06:44,525 - INFO - Generating learning curve for Fused_EEG_ECG...
2025-06-13 20:06:47,004 - INFO - Generating plots and reports...
2025-06-13 20:06:47,909 - INFO - Best model for sub-092 is 'EEG_Only'. Generating feature importances...
2025-06-13 20:06:48,479 - INFO - --- Loading and processing data for sub-093 ---
2025-06-13 20:06:49,086 - INFO - Extracting features from EEG data...
2025-06-13 20:06:49,280 - INFO - Extracting features from ECG data...
2025-06-13 20:06:49,376 - INFO - Loaded and processed 68 aligned windows for sub-093.
2025-06-13 20:06:49,379 - INFO - --- Running Cross-Validation for sub-093 - EEG_Only ---
2025-06-13 20:06:49,379 - WARNING - Not enough seizure samples (3) for 5-fold CV. Skipping EEG_Only.
2025-06-13 20:06:49,379 - INFO - --- Running Cross-Validation for sub-093 - ECG_Only ---
2025-06-13 20:06:49,379 - WARNING - Not enough seizure samples (3) for 5-fold CV. Skipping ECG_Only.
2025-06-13 20:06:49,379 - INFO - --- Running Cross-Validation for sub-093 - Fused_EEG_ECG ---
2025-06-13 20:06:49,379 - WARNING - Not enough seizure samples (3) for 5-fold CV. Skipping Fused_EEG_ECG.
2025-06-13 20:06:49,453 - INFO - --- Loading and processing data for sub-094 ---
2025-06-13 20:06:50,195 - INFO - Extracting features from EEG data...
2025-06-13 20:06:50,920 - INFO - Extracting features from ECG data...
2025-06-13 20:06:51,283 - INFO - Loaded and processed 256 aligned windows for sub-094.
2025-06-13 20:06:51,286 - INFO - --- Running Cross-Validation for sub-094 - EEG_Only ---
2025-06-13 20:06:54,682 - INFO - --- CV Summary for sub-094 - EEG_Only ---
        accuracy    roc_auc  f1_seizure  recall_seizure  precision_seizure
count  15.000000  15.000000   15.000000       15.000000          15.000000
mean    0.967371   0.994128    0.917457        0.909091           0.930821
std     0.029322   0.009601    0.075032        0.092071           0.082614
min     0.921569   0.970732    0.800000        0.727273           0.800000
25%     0.941176   0.993902    0.849624        0.850000           0.867521
50%     0.961538   0.997727    0.916667        0.900000           1.000000
75%     1.000000   1.000000    1.000000        1.000000           1.000000
max     1.000000   1.000000    1.000000        1.000000           1.000000
2025-06-13 20:06:54,682 - INFO - Generating learning curve for EEG_Only...
2025-06-13 20:06:57,201 - INFO - --- Running Cross-Validation for sub-094 - ECG_Only ---
2025-06-13 20:07:00,680 - INFO - --- CV Summary for sub-094 - ECG_Only ---
        accuracy    roc_auc  f1_seizure  recall_seizure  precision_seizure
count  15.000000  15.000000   15.000000       15.000000          15.000000
mean    0.748743   0.750745    0.371227        0.377576           0.373183
std     0.059254   0.052518    0.157565        0.184297           0.136302
min     0.607843   0.665909    0.090909        0.100000           0.083333
25%     0.718514   0.720621    0.267857        0.236364           0.300000
50%     0.745098   0.741463    0.333333        0.300000           0.333333
75%     0.803922   0.783315    0.535714        0.550000           0.519231
max     0.823529   0.862195    0.583333        0.636364           0.545455
2025-06-13 20:07:00,680 - INFO - Generating learning curve for ECG_Only...
2025-06-13 20:07:03,127 - INFO - --- Running Cross-Validation for sub-094 - Fused_EEG_ECG ---
2025-06-13 20:07:06,588 - INFO - --- CV Summary for sub-094 - Fused_EEG_ECG ---
        accuracy    roc_auc  f1_seizure  recall_seizure  precision_seizure
count  15.000000  15.000000   15.000000       15.000000          15.000000
mean    0.964756   0.988647    0.910688        0.902424           0.925872
std     0.028887   0.017721    0.074281        0.096299           0.087280
min     0.921569   0.934091    0.800000        0.727273           0.800000
25%     0.941176   0.986585    0.849624        0.800000           0.832168
50%     0.961538   0.995122    0.916667        0.900000           1.000000
75%     0.990196   1.000000    0.978261        1.000000           1.000000
max     1.000000   1.000000    1.000000        1.000000           1.000000
2025-06-13 20:07:06,589 - INFO - Generating learning curve for Fused_EEG_ECG...
2025-06-13 20:07:08,822 - INFO - Generating plots and reports...
2025-06-13 20:07:09,633 - INFO - Best model for sub-094 is 'EEG_Only'. Generating feature importances...
2025-06-13 20:07:10,165 - INFO - --- Loading and processing data for sub-095 ---
2025-06-13 20:07:11,337 - INFO - Extracting features from EEG data...
2025-06-13 20:07:11,470 - INFO - Extracting features from ECG data...
2025-06-13 20:07:11,537 - INFO - Loaded and processed 47 aligned windows for sub-095.
2025-06-13 20:07:11,537 - INFO - --- Running Cross-Validation for sub-095 - EEG_Only ---
2025-06-13 20:07:11,537 - WARNING - Not enough seizure samples (2) for 5-fold CV. Skipping EEG_Only.
2025-06-13 20:07:11,537 - INFO - --- Running Cross-Validation for sub-095 - ECG_Only ---
2025-06-13 20:07:11,537 - WARNING - Not enough seizure samples (2) for 5-fold CV. Skipping ECG_Only.
2025-06-13 20:07:11,537 - INFO - --- Running Cross-Validation for sub-095 - Fused_EEG_ECG ---
2025-06-13 20:07:11,537 - WARNING - Not enough seizure samples (2) for 5-fold CV. Skipping Fused_EEG_ECG.
2025-06-13 20:07:11,619 - INFO - --- Loading and processing data for sub-096 ---
2025-06-13 20:07:11,853 - INFO - Extracting features from EEG data...
2025-06-13 20:07:11,975 - INFO - Extracting features from ECG data...
2025-06-13 20:07:12,036 - INFO - Loaded and processed 43 aligned windows for sub-096.
2025-06-13 20:07:12,036 - INFO - --- Running Cross-Validation for sub-096 - EEG_Only ---
2025-06-13 20:07:12,036 - WARNING - Not enough seizure samples (2) for 5-fold CV. Skipping EEG_Only.
2025-06-13 20:07:12,036 - INFO - --- Running Cross-Validation for sub-096 - ECG_Only ---
2025-06-13 20:07:12,036 - WARNING - Not enough seizure samples (2) for 5-fold CV. Skipping ECG_Only.
2025-06-13 20:07:12,036 - INFO - --- Running Cross-Validation for sub-096 - Fused_EEG_ECG ---
2025-06-13 20:07:12,036 - WARNING - Not enough seizure samples (2) for 5-fold CV. Skipping Fused_EEG_ECG.
2025-06-13 20:07:12,104 - INFO - --- Loading and processing data for sub-098 ---
2025-06-13 20:07:12,206 - INFO - Extracting features from EEG data...
2025-06-13 20:07:12,392 - INFO - Extracting features from ECG data...
2025-06-13 20:07:12,485 - INFO - Loaded and processed 66 aligned windows for sub-098.
2025-06-13 20:07:12,486 - INFO - --- Running Cross-Validation for sub-098 - EEG_Only ---
2025-06-13 20:07:12,486 - WARNING - Not enough seizure samples (3) for 5-fold CV. Skipping EEG_Only.
2025-06-13 20:07:12,486 - INFO - --- Running Cross-Validation for sub-098 - ECG_Only ---
2025-06-13 20:07:12,486 - WARNING - Not enough seizure samples (3) for 5-fold CV. Skipping ECG_Only.
2025-06-13 20:07:12,486 - INFO - --- Running Cross-Validation for sub-098 - Fused_EEG_ECG ---
2025-06-13 20:07:12,486 - WARNING - Not enough seizure samples (3) for 5-fold CV. Skipping Fused_EEG_ECG.
2025-06-13 20:07:12,553 - INFO - --- Loading and processing data for sub-099 ---
2025-06-13 20:07:13,010 - INFO - Extracting features from EEG data...
2025-06-13 20:07:13,222 - INFO - Extracting features from ECG data...
2025-06-13 20:07:13,328 - INFO - Loaded and processed 75 aligned windows for sub-099.
2025-06-13 20:07:13,331 - INFO - --- Running Cross-Validation for sub-099 - EEG_Only ---
2025-06-13 20:07:16,532 - INFO - --- CV Summary for sub-099 - EEG_Only ---
        accuracy    roc_auc  f1_seizure  recall_seizure  precision_seizure
count  15.000000  15.000000   15.000000       15.000000          15.000000
mean    0.942222   0.972080    0.812698        0.855556           0.838889
std     0.061032   0.048695    0.187032        0.250924           0.214704
min     0.800000   0.846154    0.400000        0.333333           0.500000
25%     0.933333   0.961538    0.666667        0.750000           0.666667
50%     0.933333   1.000000    0.800000        1.000000           1.000000
75%     1.000000   1.000000    1.000000        1.000000           1.000000
max     1.000000   1.000000    1.000000        1.000000           1.000000
2025-06-13 20:07:16,532 - INFO - Generating learning curve for EEG_Only...
2025-06-13 20:07:19,010 - INFO - --- Running Cross-Validation for sub-099 - ECG_Only ---
2025-06-13 20:07:22,309 - INFO - --- CV Summary for sub-099 - ECG_Only ---
        accuracy    roc_auc  f1_seizure  recall_seizure  precision_seizure
count  15.000000  15.000000   15.000000       15.000000          15.000000
mean    0.813333   0.909402    0.514286        0.666667           0.482222
std     0.098238   0.083637    0.221739        0.314970           0.279630
min     0.600000   0.730769    0.000000        0.000000           0.000000
25%     0.766667   0.884615    0.366667        0.500000           0.291667
50%     0.800000   0.923077    0.571429        0.500000           0.500000
75%     0.866667   0.961538    0.666667        1.000000           0.633333
max     0.933333   1.000000    0.800000        1.000000           1.000000
2025-06-13 20:07:22,309 - INFO - Generating learning curve for ECG_Only...
2025-06-13 20:07:24,680 - INFO - --- Running Cross-Validation for sub-099 - Fused_EEG_ECG ---
2025-06-13 20:07:28,015 - INFO - --- CV Summary for sub-099 - Fused_EEG_ECG ---
        accuracy    roc_auc  f1_seizure  recall_seizure  precision_seizure
count  15.000000  15.000000   15.000000       15.000000          15.000000
mean    0.951111   0.976496    0.832698        0.855556           0.894444
std     0.053254   0.046077    0.178509        0.250924           0.190203
min     0.866667   0.846154    0.500000        0.333333           0.500000
25%     0.933333   0.980769    0.666667        0.750000           0.875000
50%     0.933333   1.000000    0.857143        1.000000           1.000000
75%     1.000000   1.000000    1.000000        1.000000           1.000000
max     1.000000   1.000000    1.000000        1.000000           1.000000
2025-06-13 20:07:28,015 - INFO - Generating learning curve for Fused_EEG_ECG...
2025-06-13 20:07:30,484 - INFO - Generating plots and reports...
2025-06-13 20:07:31,322 - INFO - Best model for sub-099 is 'Fused_EEG_ECG'. Generating feature importances...
2025-06-13 20:07:31,880 - INFO - --- Loading and processing data for sub-100 ---
2025-06-13 20:07:32,003 - INFO - Extracting features from EEG data...
2025-06-13 20:07:32,368 - INFO - Extracting features from ECG data...
2025-06-13 20:07:32,551 - INFO - Loaded and processed 129 aligned windows for sub-100.
2025-06-13 20:07:32,554 - INFO - --- Running Cross-Validation for sub-100 - EEG_Only ---
2025-06-13 20:07:35,748 - INFO - --- CV Summary for sub-100 - EEG_Only ---
        accuracy  roc_auc  f1_seizure  recall_seizure  precision_seizure
count  15.000000     15.0   15.000000            15.0          15.000000
mean    0.992205      1.0    0.951111             1.0           0.922222
std     0.016140      0.0    0.105309             0.0           0.165072
min     0.960000      1.0    0.666667             1.0           0.500000
25%     1.000000      1.0    1.000000             1.0           1.000000
50%     1.000000      1.0    1.000000             1.0           1.000000
75%     1.000000      1.0    1.000000             1.0           1.000000
max     1.000000      1.0    1.000000             1.0           1.000000
2025-06-13 20:07:35,748 - INFO - Generating learning curve for EEG_Only...
2025-06-13 20:07:38,260 - INFO - --- Running Cross-Validation for sub-100 - ECG_Only ---
2025-06-13 20:07:41,702 - INFO - --- CV Summary for sub-100 - ECG_Only ---
        accuracy    roc_auc  f1_seizure  recall_seizure  precision_seizure
count  15.000000  15.000000   15.000000       15.000000          15.000000
mean    0.950564   0.940722    0.533333        0.500000           0.711111
std     0.028349   0.065981    0.296808        0.327327           0.434004
min     0.880000   0.791667    0.000000        0.000000           0.000000
25%     0.942308   0.887917    0.500000        0.500000           0.333333
50%     0.961538   0.960000    0.666667        0.500000           1.000000
75%     0.961538   1.000000    0.666667        0.500000           1.000000
max     1.000000   1.000000    1.000000        1.000000           1.000000
2025-06-13 20:07:41,703 - INFO - Generating learning curve for ECG_Only...
2025-06-13 20:07:44,333 - INFO - --- Running Cross-Validation for sub-100 - Fused_EEG_ECG ---
2025-06-13 20:07:47,716 - INFO - --- CV Summary for sub-100 - Fused_EEG_ECG ---
        accuracy  roc_auc  f1_seizure  recall_seizure  precision_seizure
count  15.000000     15.0   15.000000            15.0          15.000000
mean    0.997436      1.0    0.986667             1.0           0.977778
std     0.009931      0.0    0.051640             0.0           0.086066
min     0.961538      1.0    0.800000             1.0           0.666667
25%     1.000000      1.0    1.000000             1.0           1.000000
50%     1.000000      1.0    1.000000             1.0           1.000000
75%     1.000000      1.0    1.000000             1.0           1.000000
max     1.000000      1.0    1.000000             1.0           1.000000
2025-06-13 20:07:47,717 - INFO - Generating learning curve for Fused_EEG_ECG...
2025-06-13 20:07:50,300 - INFO - Generating plots and reports...
2025-06-13 20:07:51,114 - INFO - Best model for sub-100 is 'Fused_EEG_ECG'. Generating feature importances...
2025-06-13 20:07:51,660 - INFO - --- Loading and processing data for sub-101 ---
2025-06-13 20:07:51,880 - INFO - Extracting features from EEG data...
2025-06-13 20:07:52,261 - INFO - Extracting features from ECG data...
2025-06-13 20:07:52,451 - INFO - Loaded and processed 135 aligned windows for sub-101.
2025-06-13 20:07:52,453 - INFO - --- Running Cross-Validation for sub-101 - EEG_Only ---
2025-06-13 20:07:55,687 - INFO - --- CV Summary for sub-101 - EEG_Only ---
        accuracy    roc_auc  f1_seizure  recall_seizure  precision_seizure
count  15.000000  15.000000   15.000000       15.000000          15.000000
mean    0.940741   0.852923    0.455556        0.600000           0.427778
std     0.039096   0.213526    0.342879        0.430946           0.367135
min     0.888889   0.230769    0.000000        0.000000           0.000000
25%     0.907407   0.820000    0.200000        0.250000           0.125000
50%     0.962963   0.900000    0.500000        0.500000           0.500000
75%     0.962963   1.000000    0.666667        1.000000           0.583333
max     1.000000   1.000000    1.000000        1.000000           1.000000
2025-06-13 20:07:55,687 - INFO - Generating learning curve for EEG_Only...
2025-06-13 20:07:58,207 - INFO - --- Running Cross-Validation for sub-101 - ECG_Only ---
2025-06-13 20:08:01,564 - INFO - --- CV Summary for sub-101 - ECG_Only ---
        accuracy    roc_auc  f1_seizure  recall_seizure  precision_seizure
count  15.000000  15.000000   15.000000       15.000000          15.000000
mean    0.925926   0.786308    0.044444        0.033333           0.066667
std     0.050473   0.140094    0.172133        0.129099           0.258199
min     0.777778   0.480000    0.000000        0.000000           0.000000
25%     0.925926   0.730385    0.000000        0.000000           0.000000
50%     0.925926   0.820000    0.000000        0.000000           0.000000
75%     0.962963   0.865385    0.000000        0.000000           0.000000
max     0.962963   1.000000    0.666667        0.500000           1.000000
2025-06-13 20:08:01,564 - INFO - Generating learning curve for ECG_Only...
2025-06-13 20:08:04,103 - INFO - --- Running Cross-Validation for sub-101 - Fused_EEG_ECG ---
2025-06-13 20:08:07,379 - INFO - --- CV Summary for sub-101 - Fused_EEG_ECG ---
        accuracy    roc_auc  f1_seizure  recall_seizure  precision_seizure
count  15.000000  15.000000   15.000000       15.000000          15.000000
mean    0.945679   0.881385    0.475556        0.600000           0.461111
std     0.036683   0.165331    0.343296        0.430946           0.386871
min     0.888889   0.480769    0.000000        0.000000           0.000000
25%     0.925926   0.820000    0.200000        0.250000           0.125000
50%     0.962963   0.961538    0.500000        0.500000           0.500000
75%     0.962963   1.000000    0.666667        1.000000           0.750000
max     1.000000   1.000000    1.000000        1.000000           1.000000
2025-06-13 20:08:07,380 - INFO - Generating learning curve for Fused_EEG_ECG...
2025-06-13 20:08:09,895 - INFO - Generating plots and reports...
2025-06-13 20:08:10,714 - INFO - Best model for sub-101 is 'Fused_EEG_ECG'. Generating feature importances...
2025-06-13 20:08:11,261 - INFO - --- Loading and processing data for sub-102 ---
2025-06-13 20:08:11,382 - INFO - Extracting features from EEG data...
2025-06-13 20:08:11,564 - INFO - Extracting features from ECG data...
2025-06-13 20:08:11,655 - INFO - Loaded and processed 64 aligned windows for sub-102.
2025-06-13 20:08:11,656 - INFO - --- Running Cross-Validation for sub-102 - EEG_Only ---
2025-06-13 20:08:14,812 - INFO - --- CV Summary for sub-102 - EEG_Only ---
        accuracy    roc_auc  f1_seizure  recall_seizure  precision_seizure
count  15.000000  15.000000   15.000000       15.000000          15.000000
mean    0.910684   0.977273    0.566667        0.800000           0.466667
std     0.059371   0.039051    0.338062        0.414039           0.334522
min     0.833333   0.909091    0.000000        0.000000           0.000000
25%     0.846154   0.958333    0.500000        1.000000           0.333333
50%     0.923077   1.000000    0.666667        1.000000           0.500000
75%     0.923077   1.000000    0.666667        1.000000           0.500000
max     1.000000   1.000000    1.000000        1.000000           1.000000
2025-06-13 20:08:14,812 - INFO - Generating learning curve for EEG_Only...
2025-06-13 20:08:17,279 - INFO - --- Running Cross-Validation for sub-102 - ECG_Only ---
2025-06-13 20:08:20,602 - INFO - --- CV Summary for sub-102 - ECG_Only ---
        accuracy    roc_auc  f1_seizure  recall_seizure  precision_seizure
count  15.000000  15.000000   15.000000       15.000000          15.000000
mean    0.925214   0.919192    0.577778        0.666667           0.533333
std     0.105850   0.121370    0.444841        0.487950           0.441858
min     0.583333   0.636364    0.000000        0.000000           0.000000
25%     0.919872   0.916667    0.000000        0.000000           0.000000
50%     0.923077   1.000000    0.666667        1.000000           0.500000
75%     1.000000   1.000000    1.000000        1.000000           1.000000
max     1.000000   1.000000    1.000000        1.000000           1.000000
2025-06-13 20:08:20,602 - INFO - Generating learning curve for ECG_Only...
2025-06-13 20:08:23,108 - INFO - --- Running Cross-Validation for sub-102 - Fused_EEG_ECG ---
2025-06-13 20:08:26,326 - INFO - --- CV Summary for sub-102 - Fused_EEG_ECG ---
        accuracy    roc_auc  f1_seizure  recall_seizure  precision_seizure
count  15.000000  15.000000   15.000000       15.000000          15.000000
mean    0.936752   0.977273    0.622222        0.800000           0.544444
std     0.054007   0.039051    0.369828        0.414039           0.380406
min     0.833333   0.909091    0.000000        0.000000           0.000000
25%     0.919872   0.958333    0.500000        1.000000           0.333333
50%     0.923077   1.000000    0.666667        1.000000           0.500000
75%     1.000000   1.000000    1.000000        1.000000           1.000000
max     1.000000   1.000000    1.000000        1.000000           1.000000
2025-06-13 20:08:26,327 - INFO - Generating learning curve for Fused_EEG_ECG...
2025-06-13 20:08:28,839 - INFO - Generating plots and reports...
2025-06-13 20:08:29,661 - INFO - Best model for sub-102 is 'Fused_EEG_ECG'. Generating feature importances...
2025-06-13 20:08:30,190 - INFO - --- Loading and processing data for sub-103 ---
2025-06-13 20:08:30,780 - INFO - Extracting features from EEG data...
2025-06-13 20:08:30,850 - INFO - Extracting features from ECG data...
2025-06-13 20:08:30,884 - INFO - Loaded and processed 24 aligned windows for sub-103.
2025-06-13 20:08:30,885 - INFO - --- Running Cross-Validation for sub-103 - EEG_Only ---
2025-06-13 20:08:30,885 - WARNING - Not enough seizure samples (2) for 5-fold CV. Skipping EEG_Only.
2025-06-13 20:08:30,885 - INFO - --- Running Cross-Validation for sub-103 - ECG_Only ---
2025-06-13 20:08:30,885 - WARNING - Not enough seizure samples (2) for 5-fold CV. Skipping ECG_Only.
2025-06-13 20:08:30,885 - INFO - --- Running Cross-Validation for sub-103 - Fused_EEG_ECG ---
2025-06-13 20:08:30,885 - WARNING - Not enough seizure samples (2) for 5-fold CV. Skipping Fused_EEG_ECG.
2025-06-13 20:08:30,958 - INFO - --- Loading and processing data for sub-104 ---
2025-06-13 20:08:31,121 - INFO - Extracting features from EEG data...
2025-06-13 20:08:31,297 - INFO - Extracting features from ECG data...
2025-06-13 20:08:31,383 - INFO - Loaded and processed 61 aligned windows for sub-104.
2025-06-13 20:08:31,384 - INFO - --- Running Cross-Validation for sub-104 - EEG_Only ---
2025-06-13 20:08:34,561 - INFO - --- CV Summary for sub-104 - EEG_Only ---
        accuracy  roc_auc  f1_seizure  recall_seizure  precision_seizure
count  15.000000     15.0   15.000000            15.0           15.00000
mean    0.983333      1.0    0.933333             1.0            0.90000
std     0.034503      0.0    0.138013             0.0            0.20702
min     0.916667      1.0    0.666667             1.0            0.50000
25%     1.000000      1.0    1.000000             1.0            1.00000
50%     1.000000      1.0    1.000000             1.0            1.00000
75%     1.000000      1.0    1.000000             1.0            1.00000
max     1.000000      1.0    1.000000             1.0            1.00000
2025-06-13 20:08:34,561 - INFO - Generating learning curve for EEG_Only...
2025-06-13 20:08:37,058 - INFO - --- Running Cross-Validation for sub-104 - ECG_Only ---
2025-06-13 20:08:40,406 - INFO - --- CV Summary for sub-104 - ECG_Only ---
        accuracy    roc_auc  f1_seizure  recall_seizure  precision_seizure
count  15.000000  15.000000   15.000000       15.000000          15.000000
mean    0.846581   0.682828    0.104444        0.200000           0.072222
std     0.068762   0.375635    0.222135        0.414039           0.157065
min     0.750000   0.000000    0.000000        0.000000           0.000000
25%     0.801282   0.545455    0.000000        0.000000           0.000000
50%     0.833333   0.818182    0.000000        0.000000           0.000000
75%     0.916667   0.954545    0.000000        0.000000           0.000000
max     0.923077   1.000000    0.666667        1.000000           0.500000
2025-06-13 20:08:40,406 - INFO - Generating learning curve for ECG_Only...
2025-06-13 20:08:42,921 - INFO - --- Running Cross-Validation for sub-104 - Fused_EEG_ECG ---
2025-06-13 20:08:46,270 - INFO - --- CV Summary for sub-104 - Fused_EEG_ECG ---
        accuracy    roc_auc  f1_seizure  recall_seizure  precision_seizure
count  15.000000  15.000000   15.000000       15.000000          15.000000
mean    0.983333   0.993939    0.900000        0.933333           0.888889
std     0.046718   0.023473    0.280306        0.258199           0.299912
min     0.833333   0.909091    0.000000        0.000000           0.000000
25%     1.000000   1.000000    1.000000        1.000000           1.000000
50%     1.000000   1.000000    1.000000        1.000000           1.000000
75%     1.000000   1.000000    1.000000        1.000000           1.000000
max     1.000000   1.000000    1.000000        1.000000           1.000000
2025-06-13 20:08:46,271 - INFO - Generating learning curve for Fused_EEG_ECG...
2025-06-13 20:08:48,814 - INFO - Generating plots and reports...
2025-06-13 20:08:49,656 - INFO - Best model for sub-104 is 'EEG_Only'. Generating feature importances...
2025-06-13 20:08:50,172 - INFO - --- Loading and processing data for sub-105 ---
2025-06-13 20:08:50,298 - INFO - Extracting features from EEG data...
2025-06-13 20:08:50,392 - INFO - Extracting features from ECG data...
2025-06-13 20:08:50,439 - INFO - Loaded and processed 33 aligned windows for sub-105.
2025-06-13 20:08:50,439 - INFO - --- Running Cross-Validation for sub-105 - EEG_Only ---
2025-06-13 20:08:50,440 - WARNING - Not enough seizure samples (4) for 5-fold CV. Skipping EEG_Only.
2025-06-13 20:08:50,440 - INFO - --- Running Cross-Validation for sub-105 - ECG_Only ---
2025-06-13 20:08:50,440 - WARNING - Not enough seizure samples (4) for 5-fold CV. Skipping ECG_Only.
2025-06-13 20:08:50,440 - INFO - --- Running Cross-Validation for sub-105 - Fused_EEG_ECG ---
2025-06-13 20:08:50,440 - WARNING - Not enough seizure samples (4) for 5-fold CV. Skipping Fused_EEG_ECG.
2025-06-13 20:08:50,511 - INFO - --- Loading and processing data for sub-106 ---
2025-06-13 20:08:50,563 - INFO - Extracting features from EEG data...
2025-06-13 20:08:50,697 - INFO - Extracting features from ECG data...
2025-06-13 20:08:50,764 - INFO - Loaded and processed 47 aligned windows for sub-106.
2025-06-13 20:08:50,764 - INFO - --- Running Cross-Validation for sub-106 - EEG_Only ---
2025-06-13 20:08:53,966 - INFO - --- CV Summary for sub-106 - EEG_Only ---
        accuracy    roc_auc  f1_seizure  recall_seizure  precision_seizure
count  15.000000  15.000000   15.000000       15.000000          15.000000
mean    0.942222   0.980093    0.808889        0.933333           0.755556
std     0.081671   0.043038    0.294518        0.258199           0.338453
min     0.777778   0.875000    0.000000        0.000000           0.000000
25%     0.894444   1.000000    0.666667        1.000000           0.500000
50%     1.000000   1.000000    1.000000        1.000000           1.000000
75%     1.000000   1.000000    1.000000        1.000000           1.000000
max     1.000000   1.000000    1.000000        1.000000           1.000000
2025-06-13 20:08:53,967 - INFO - Generating learning curve for EEG_Only...
2025-06-13 20:08:56,505 - INFO - --- Running Cross-Validation for sub-106 - ECG_Only ---
2025-06-13 20:08:59,752 - INFO - --- CV Summary for sub-106 - ECG_Only ---
        accuracy    roc_auc  f1_seizure  recall_seizure  precision_seizure
count  15.000000  15.000000   15.000000       15.000000          15.000000
mean    0.852593   0.826389    0.455556        0.533333           0.455556
std     0.113891   0.202821    0.410510        0.480575           0.443053
min     0.600000   0.444444    0.000000        0.000000           0.000000
25%     0.777778   0.750000    0.000000        0.000000           0.000000
50%     0.888889   0.875000    0.666667        0.500000           0.500000
75%     0.900000   1.000000    0.666667        1.000000           1.000000
max     1.000000   1.000000    1.000000        1.000000           1.000000
2025-06-13 20:08:59,753 - INFO - Generating learning curve for ECG_Only...
2025-06-13 20:09:02,220 - INFO - --- Running Cross-Validation for sub-106 - Fused_EEG_ECG ---
2025-06-13 20:09:05,444 - INFO - --- CV Summary for sub-106 - Fused_EEG_ECG ---
        accuracy    roc_auc  f1_seizure  recall_seizure  precision_seizure
count  15.000000  15.000000   15.000000       15.000000          15.000000
mean    0.942222   0.980093    0.753333        0.866667           0.700000
std     0.070047   0.043038    0.349558        0.351866           0.373741
min     0.777778   0.875000    0.000000        0.000000           0.000000
25%     0.888889   1.000000    0.666667        1.000000           0.500000
50%     1.000000   1.000000    1.000000        1.000000           1.000000
75%     1.000000   1.000000    1.000000        1.000000           1.000000
max     1.000000   1.000000    1.000000        1.000000           1.000000
2025-06-13 20:09:05,444 - INFO - Generating learning curve for Fused_EEG_ECG...
2025-06-13 20:09:07,970 - INFO - Generating plots and reports...
2025-06-13 20:09:08,826 - INFO - Best model for sub-106 is 'EEG_Only'. Generating feature importances...
2025-06-13 20:09:09,409 - INFO - --- Loading and processing data for sub-107 ---
2025-06-13 20:09:09,558 - INFO - Extracting features from EEG data...
2025-06-13 20:09:09,870 - INFO - Extracting features from ECG data...
2025-06-13 20:09:10,024 - INFO - Loaded and processed 106 aligned windows for sub-107.
2025-06-13 20:09:10,027 - INFO - --- Running Cross-Validation for sub-107 - EEG_Only ---
2025-06-13 20:09:10,027 - WARNING - Not enough seizure samples (4) for 5-fold CV. Skipping EEG_Only.
2025-06-13 20:09:10,027 - INFO - --- Running Cross-Validation for sub-107 - ECG_Only ---
2025-06-13 20:09:10,027 - WARNING - Not enough seizure samples (4) for 5-fold CV. Skipping ECG_Only.
2025-06-13 20:09:10,027 - INFO - --- Running Cross-Validation for sub-107 - Fused_EEG_ECG ---
2025-06-13 20:09:10,027 - WARNING - Not enough seizure samples (4) for 5-fold CV. Skipping Fused_EEG_ECG.
2025-06-13 20:09:10,112 - INFO - --- Loading and processing data for sub-109 ---
2025-06-13 20:09:10,702 - INFO - Extracting features from EEG data...
2025-06-13 20:09:11,050 - INFO - Extracting features from ECG data...
2025-06-13 20:09:11,222 - INFO - Loaded and processed 120 aligned windows for sub-109.
2025-06-13 20:09:11,225 - INFO - --- Running Cross-Validation for sub-109 - EEG_Only ---
2025-06-13 20:09:14,532 - INFO - --- CV Summary for sub-109 - EEG_Only ---
        accuracy    roc_auc  f1_seizure  recall_seizure  precision_seizure
count  15.000000  15.000000   15.000000         15.0000          15.000000
mean    0.925000   0.966711    0.790577          0.8000           0.804444
std     0.032275   0.032896    0.095637          0.1476           0.123035
min     0.875000   0.887500    0.666667          0.5000           0.600000
25%     0.916667   0.962500    0.708333          0.7500           0.750000
50%     0.916667   0.975000    0.800000          0.7500           0.800000
75%     0.958333   0.989474    0.888889          0.9000           0.833333
max     0.958333   1.000000    0.909091          1.0000           1.000000
2025-06-13 20:09:14,532 - INFO - Generating learning curve for EEG_Only...
2025-06-13 20:09:17,097 - INFO - --- Running Cross-Validation for sub-109 - ECG_Only ---
2025-06-13 20:09:20,530 - INFO - --- CV Summary for sub-109 - ECG_Only ---
        accuracy    roc_auc  f1_seizure  recall_seizure  precision_seizure
count  15.000000  15.000000   15.000000       15.000000          15.000000
mean    0.841667   0.863509    0.580285        0.603333           0.612222
std     0.072512   0.084400    0.182965        0.203072           0.248045
min     0.708333   0.675000    0.222222        0.250000           0.200000
25%     0.791667   0.809375    0.422222        0.450000           0.500000
50%     0.833333   0.863158    0.600000        0.750000           0.500000
75%     0.895833   0.911020    0.708333        0.750000           0.775000
max     0.958333   0.989474    0.888889        0.800000           1.000000
2025-06-13 20:09:20,531 - INFO - Generating learning curve for ECG_Only...
2025-06-13 20:09:23,027 - INFO - --- Running Cross-Validation for sub-109 - Fused_EEG_ECG ---
2025-06-13 20:09:26,455 - INFO - --- CV Summary for sub-109 - Fused_EEG_ECG ---
        accuracy    roc_auc  f1_seizure  recall_seizure  precision_seizure
count  15.000000  15.000000   15.000000       15.000000          15.000000
mean    0.941667   0.969781    0.821741        0.783333           0.892222
std     0.030700   0.022696    0.111762        0.166548           0.125336
min     0.875000   0.937500    0.571429        0.500000           0.666667
25%     0.916667   0.950000    0.750000        0.750000           0.775000
50%     0.958333   0.962500    0.857143        0.750000           1.000000
75%     0.958333   0.989474    0.888889        0.900000           1.000000
max     1.000000   1.000000    1.000000        1.000000           1.000000
2025-06-13 20:09:26,455 - INFO - Generating learning curve for Fused_EEG_ECG...
2025-06-13 20:09:29,003 - INFO - Generating plots and reports...
2025-06-13 20:09:29,858 - INFO - Best model for sub-109 is 'Fused_EEG_ECG'. Generating feature importances...
2025-06-13 20:09:30,419 - INFO - --- Loading and processing data for sub-110 ---
2025-06-13 20:09:30,890 - INFO - Extracting features from EEG data...
2025-06-13 20:09:31,024 - INFO - Extracting features from ECG data...
2025-06-13 20:09:31,087 - INFO - Loaded and processed 44 aligned windows for sub-110.
2025-06-13 20:09:31,088 - INFO - --- Running Cross-Validation for sub-110 - EEG_Only ---
2025-06-13 20:09:34,371 - INFO - --- CV Summary for sub-110 - EEG_Only ---
        accuracy    roc_auc  f1_seizure  recall_seizure  precision_seizure
count  15.000000  15.000000   15.000000       15.000000          15.000000
mean    0.977778   0.983333    0.844444        0.833333           0.866667
std     0.046004   0.043983    0.353366        0.361873           0.351866
min     0.888889   0.875000    0.000000        0.000000           0.000000
25%     1.000000   1.000000    1.000000        1.000000           1.000000
50%     1.000000   1.000000    1.000000        1.000000           1.000000
75%     1.000000   1.000000    1.000000        1.000000           1.000000
max     1.000000   1.000000    1.000000        1.000000           1.000000
2025-06-13 20:09:34,371 - INFO - Generating learning curve for EEG_Only...
2025-06-13 20:09:36,949 - INFO - --- Running Cross-Validation for sub-110 - ECG_Only ---
2025-06-13 20:09:40,332 - INFO - --- CV Summary for sub-110 - ECG_Only ---
        accuracy    roc_auc  f1_seizure  recall_seizure  precision_seizure
count  15.000000  15.000000   15.000000       15.000000          15.000000
mean    0.879630   0.713095    0.531111        0.666667           0.488889
std     0.081099   0.372713    0.371925        0.449868           0.385587
min     0.750000   0.000000    0.000000        0.000000           0.000000
25%     0.833333   0.437500    0.250000        0.250000           0.166667
50%     0.888889   0.928571    0.666667        1.000000           0.500000
75%     0.888889   1.000000    0.733333        1.000000           0.833333
max     1.000000   1.000000    1.000000        1.000000           1.000000
2025-06-13 20:09:40,333 - INFO - Generating learning curve for ECG_Only...
2025-06-13 20:09:42,886 - INFO - --- Running Cross-Validation for sub-110 - Fused_EEG_ECG ---
2025-06-13 20:09:46,280 - INFO - --- CV Summary for sub-110 - Fused_EEG_ECG ---
        accuracy    roc_auc  f1_seizure  recall_seizure  precision_seizure
count  15.000000  15.000000   15.000000       15.000000          15.000000
mean    0.955556   0.983333    0.688889        0.666667           0.733333
std     0.056344   0.043983    0.444841        0.449868           0.457738
min     0.888889   0.875000    0.000000        0.000000           0.000000
25%     0.888889   1.000000    0.333333        0.250000           0.500000
50%     1.000000   1.000000    1.000000        1.000000           1.000000
75%     1.000000   1.000000    1.000000        1.000000           1.000000
max     1.000000   1.000000    1.000000        1.000000           1.000000
2025-06-13 20:09:46,281 - INFO - Generating learning curve for Fused_EEG_ECG...
2025-06-13 20:09:48,789 - INFO - Generating plots and reports...
2025-06-13 20:09:49,618 - INFO - Best model for sub-110 is 'EEG_Only'. Generating feature importances...
2025-06-13 20:09:50,192 - INFO - --- Loading and processing data for sub-111 ---
2025-06-13 20:09:50,705 - INFO - Extracting features from EEG data...
2025-06-13 20:09:50,853 - INFO - Extracting features from ECG data...
2025-06-13 20:09:50,926 - INFO - Loaded and processed 52 aligned windows for sub-111.
2025-06-13 20:09:50,927 - INFO - --- Running Cross-Validation for sub-111 - EEG_Only ---
2025-06-13 20:09:54,202 - INFO - --- CV Summary for sub-111 - EEG_Only ---
        accuracy    roc_auc  f1_seizure  recall_seizure  precision_seizure
count  15.000000  15.000000   15.000000       15.000000          15.000000
mean    0.949091   0.822222    0.622222        0.600000           0.666667
std     0.060185   0.370423    0.469154        0.470562           0.487950
min     0.818182   0.000000    0.000000        0.000000           0.000000
25%     0.900000   1.000000    0.000000        0.000000           0.000000
50%     1.000000   1.000000    1.000000        1.000000           1.000000
75%     1.000000   1.000000    1.000000        1.000000           1.000000
max     1.000000   1.000000    1.000000        1.000000           1.000000
2025-06-13 20:09:54,202 - INFO - Generating learning curve for EEG_Only...
2025-06-13 20:09:56,705 - INFO - --- Running Cross-Validation for sub-111 - ECG_Only ---
2025-06-13 20:10:00,058 - INFO - --- CV Summary for sub-111 - ECG_Only ---
        accuracy    roc_auc  f1_seizure  recall_seizure  precision_seizure
count  15.000000  15.000000   15.000000       15.000000          15.000000
mean    0.802424   0.722222    0.377143        0.566667           0.342222
std     0.131716   0.384327    0.343321        0.457738           0.375059
min     0.545455   0.000000    0.000000        0.000000           0.000000
25%     0.713636   0.777778    0.000000        0.000000           0.000000
50%     0.818182   0.888889    0.400000        0.500000           0.250000
75%     0.900000   1.000000    0.535714        1.000000           0.450000
max     1.000000   1.000000    1.000000        1.000000           1.000000
2025-06-13 20:10:00,058 - INFO - Generating learning curve for ECG_Only...
2025-06-13 20:10:02,603 - INFO - --- Running Cross-Validation for sub-111 - Fused_EEG_ECG ---
2025-06-13 20:10:05,937 - INFO - --- CV Summary for sub-111 - Fused_EEG_ECG ---
        accuracy    roc_auc  f1_seizure  recall_seizure  precision_seizure
count  15.000000  15.000000   15.000000       15.000000          15.000000
mean    0.949697   0.829630    0.666667        0.633333           0.733333
std     0.059699   0.358487    0.436436        0.441858           0.457738
min     0.818182   0.000000    0.000000        0.000000           0.000000
25%     0.904545   1.000000    0.333333        0.250000           0.500000
50%     1.000000   1.000000    1.000000        1.000000           1.000000
75%     1.000000   1.000000    1.000000        1.000000           1.000000
max     1.000000   1.000000    1.000000        1.000000           1.000000
2025-06-13 20:10:05,937 - INFO - Generating learning curve for Fused_EEG_ECG...
2025-06-13 20:10:08,503 - INFO - Generating plots and reports...
2025-06-13 20:10:09,352 - INFO - Best model for sub-111 is 'Fused_EEG_ECG'. Generating feature importances...
2025-06-13 20:10:09,926 - INFO - --- Loading and processing data for sub-112 ---
2025-06-13 20:10:10,258 - INFO - Extracting features from EEG data...
2025-06-13 20:10:10,675 - INFO - Extracting features from ECG data...
2025-06-13 20:10:10,885 - INFO - Loaded and processed 148 aligned windows for sub-112.
2025-06-13 20:10:10,889 - INFO - --- Running Cross-Validation for sub-112 - EEG_Only ---
2025-06-13 20:10:14,258 - INFO - --- CV Summary for sub-112 - EEG_Only ---
        accuracy    roc_auc  f1_seizure  recall_seizure  precision_seizure
count  15.000000  15.000000   15.000000       15.000000          15.000000
mean    0.965977   0.996478    0.912665        0.960000           0.886111
std     0.029149   0.006719    0.068513        0.082808           0.127086
min     0.896552   0.979167    0.769231        0.800000           0.625000
25%     0.965517   0.996000    0.888889        1.000000           0.833333
50%     0.966667   1.000000    0.909091        1.000000           0.857143
75%     0.983333   1.000000    0.961538        1.000000           1.000000
max     1.000000   1.000000    1.000000        1.000000           1.000000
2025-06-13 20:10:14,259 - INFO - Generating learning curve for EEG_Only...
2025-06-13 20:10:16,727 - INFO - --- Running Cross-Validation for sub-112 - ECG_Only ---
2025-06-13 20:10:20,184 - INFO - --- CV Summary for sub-112 - ECG_Only ---
        accuracy    roc_auc  f1_seizure  recall_seizure  precision_seizure
count  15.000000  15.000000   15.000000       15.000000          15.000000
mean    0.844368   0.840478    0.624183        0.722222           0.596593
std     0.083458   0.109815    0.153683        0.230826           0.187818
min     0.620690   0.566667    0.266667        0.333333           0.200000
25%     0.830460   0.746917    0.544444        0.600000           0.500000
50%     0.862069   0.881944    0.666667        0.800000           0.625000
75%     0.898276   0.913806    0.759615        0.916667           0.666667
max     0.933333   0.958333    0.800000        1.000000           1.000000
2025-06-13 20:10:20,184 - INFO - Generating learning curve for ECG_Only...
2025-06-13 20:10:22,703 - INFO - --- Running Cross-Validation for sub-112 - Fused_EEG_ECG ---
2025-06-13 20:10:26,150 - INFO - --- CV Summary for sub-112 - Fused_EEG_ECG ---
        accuracy    roc_auc  f1_seizure  recall_seizure  precision_seizure
count  15.000000  15.000000   15.000000       15.000000          15.000000
mean    0.972874   0.994737    0.929837        0.960000           0.916270
std     0.029612   0.011566    0.070833        0.082808           0.121332
min     0.896552   0.960000    0.769231        0.800000           0.625000
25%     0.966667   0.996528    0.888889        1.000000           0.857143
50%     0.966667   1.000000    0.923077        1.000000           1.000000
75%     1.000000   1.000000    1.000000        1.000000           1.000000
max     1.000000   1.000000    1.000000        1.000000           1.000000
2025-06-13 20:10:26,151 - INFO - Generating learning curve for Fused_EEG_ECG...
2025-06-13 20:10:28,654 - INFO - Generating plots and reports...
2025-06-13 20:10:29,469 - INFO - Best model for sub-112 is 'Fused_EEG_ECG'. Generating feature importances...
2025-06-13 20:10:30,051 - INFO - --- Loading and processing data for sub-113 ---
2025-06-13 20:10:30,266 - INFO - Extracting features from EEG data...
2025-06-13 20:10:30,723 - INFO - Extracting features from ECG data...
2025-06-13 20:10:30,951 - INFO - Loaded and processed 161 aligned windows for sub-113.
2025-06-13 20:10:30,953 - INFO - --- Running Cross-Validation for sub-113 - EEG_Only ---
2025-06-13 20:10:34,371 - INFO - --- CV Summary for sub-113 - EEG_Only ---
        accuracy  roc_auc  f1_seizure  recall_seizure  precision_seizure
count  15.000000     15.0   15.000000       15.000000               15.0
mean    0.993813      1.0    0.960000        0.933333                1.0
std     0.012810      0.0    0.082808        0.138013                0.0
min     0.968750      1.0    0.800000        0.666667                1.0
25%     1.000000      1.0    1.000000        1.000000                1.0
50%     1.000000      1.0    1.000000        1.000000                1.0
75%     1.000000      1.0    1.000000        1.000000                1.0
max     1.000000      1.0    1.000000        1.000000                1.0
2025-06-13 20:10:34,372 - INFO - Generating learning curve for EEG_Only...
2025-06-13 20:10:36,836 - INFO - --- Running Cross-Validation for sub-113 - ECG_Only ---
2025-06-13 20:10:40,345 - INFO - --- CV Summary for sub-113 - ECG_Only ---
        accuracy    roc_auc  f1_seizure  recall_seizure  precision_seizure
count  15.000000  15.000000   15.000000       15.000000          15.000000
mean    0.927462   0.930715    0.644603        0.800000           0.570794
std     0.030235   0.067470    0.159276        0.268742           0.160958
min     0.875000   0.747126    0.333333        0.333333           0.333333
25%     0.906250   0.904023    0.535714        0.583333           0.500000
50%     0.937500   0.942529    0.666667        1.000000           0.500000
75%     0.937500   0.980172    0.750000        1.000000           0.600000
max     0.969697   1.000000    0.857143        1.000000           1.000000
2025-06-13 20:10:40,346 - INFO - Generating learning curve for ECG_Only...
2025-06-13 20:10:42,832 - INFO - --- Running Cross-Validation for sub-113 - Fused_EEG_ECG ---
2025-06-13 20:10:46,442 - INFO - --- CV Summary for sub-113 - Fused_EEG_ECG ---
        accuracy  roc_auc  f1_seizure  recall_seizure  precision_seizure
count  15.000000     15.0   15.000000       15.000000               15.0
mean    0.993813      1.0    0.960000        0.933333                1.0
std     0.012810      0.0    0.082808        0.138013                0.0
min     0.968750      1.0    0.800000        0.666667                1.0
25%     1.000000      1.0    1.000000        1.000000                1.0
50%     1.000000      1.0    1.000000        1.000000                1.0
75%     1.000000      1.0    1.000000        1.000000                1.0
max     1.000000      1.0    1.000000        1.000000                1.0
2025-06-13 20:10:46,442 - INFO - Generating learning curve for Fused_EEG_ECG...
2025-06-13 20:10:48,870 - INFO - Generating plots and reports...
2025-06-13 20:10:49,674 - INFO - Best model for sub-113 is 'EEG_Only'. Generating feature importances...
2025-06-13 20:10:50,183 - INFO - --- Loading and processing data for sub-114 ---
2025-06-13 20:10:51,394 - INFO - Extracting features from EEG data...
2025-06-13 20:10:51,733 - INFO - Extracting features from ECG data...
2025-06-13 20:10:51,903 - INFO - Loaded and processed 120 aligned windows for sub-114.
2025-06-13 20:10:51,905 - INFO - --- Running Cross-Validation for sub-114 - EEG_Only ---
2025-06-13 20:10:55,190 - INFO - --- CV Summary for sub-114 - EEG_Only ---
        accuracy    roc_auc  f1_seizure  recall_seizure  precision_seizure
count  15.000000  15.000000   15.000000       15.000000          15.000000
mean    0.916667   0.714723    0.188889        0.200000           0.200000
std     0.044544   0.281391    0.338453        0.368394           0.368394
min     0.833333   0.045455    0.000000        0.000000           0.000000
25%     0.875000   0.636364    0.000000        0.000000           0.000000
50%     0.916667   0.782609    0.000000        0.000000           0.000000
75%     0.958333   0.910079    0.250000        0.250000           0.250000
max     1.000000   1.000000    1.000000        1.000000           1.000000
2025-06-13 20:10:55,190 - INFO - Generating learning curve for EEG_Only...
2025-06-13 20:10:57,656 - INFO - --- Running Cross-Validation for sub-114 - ECG_Only ---
2025-06-13 20:11:01,030 - INFO - --- CV Summary for sub-114 - ECG_Only ---
        accuracy    roc_auc  f1_seizure  recall_seizure  precision_seizure
count  15.000000  15.000000   15.000000       15.000000          15.000000
mean    0.900000   0.743544    0.171111        0.266667           0.155556
std     0.030700   0.245674    0.255687        0.416905           0.277936
min     0.833333   0.108696    0.000000        0.000000           0.000000
25%     0.875000   0.670455    0.000000        0.000000           0.000000
50%     0.916667   0.795455    0.000000        0.000000           0.000000
75%     0.916667   0.911067    0.450000        0.500000           0.333333
max     0.958333   1.000000    0.666667        1.000000           1.000000
2025-06-13 20:11:01,030 - INFO - Generating learning curve for ECG_Only...
2025-06-13 20:11:03,576 - INFO - --- Running Cross-Validation for sub-114 - Fused_EEG_ECG ---
2025-06-13 20:11:07,008 - INFO - --- CV Summary for sub-114 - Fused_EEG_ECG ---
        accuracy    roc_auc  f1_seizure  recall_seizure  precision_seizure
count  15.000000  15.000000   15.000000       15.000000          15.000000
mean    0.944444   0.783696    0.266667        0.266667           0.300000
std     0.030156   0.301717    0.402374        0.416905           0.455129
min     0.916667   0.173913    0.000000        0.000000           0.000000
25%     0.916667   0.784091    0.000000        0.000000           0.000000
50%     0.958333   0.886364    0.000000        0.000000           0.000000
75%     0.958333   0.988636    0.666667        0.500000           0.750000
max     1.000000   1.000000    1.000000        1.000000           1.000000
2025-06-13 20:11:07,009 - INFO - Generating learning curve for Fused_EEG_ECG...
2025-06-13 20:11:09,576 - INFO - Generating plots and reports...
2025-06-13 20:11:10,411 - INFO - Best model for sub-114 is 'Fused_EEG_ECG'. Generating feature importances...
2025-06-13 20:11:10,974 - INFO - --- Loading and processing data for sub-115 ---
2025-06-13 20:11:11,243 - INFO - Extracting features from EEG data...
2025-06-13 20:11:13,308 - INFO - Extracting features from ECG data...
2025-06-13 20:11:14,339 - INFO - Loaded and processed 730 aligned windows for sub-115.
2025-06-13 20:11:14,341 - INFO - --- Running Cross-Validation for sub-115 - EEG_Only ---
2025-06-13 20:11:18,107 - INFO - --- CV Summary for sub-115 - EEG_Only ---
        accuracy    roc_auc  f1_seizure  recall_seizure  precision_seizure
count  15.000000  15.000000   15.000000       15.000000               15.0
mean    0.994521   0.989791    0.916263        0.855556                1.0
std     0.005305   0.012499    0.084156        0.139538                0.0
min     0.986301   0.958865    0.750000        0.600000                1.0
25%     0.993151   0.984524    0.888889        0.800000                1.0
50%     0.993151   0.992908    0.909091        0.833333                1.0
75%     1.000000   1.000000    1.000000        1.000000                1.0
max     1.000000   1.000000    1.000000        1.000000                1.0
2025-06-13 20:11:18,107 - INFO - Generating learning curve for EEG_Only...
2025-06-13 20:11:20,592 - INFO - --- Running Cross-Validation for sub-115 - ECG_Only ---
2025-06-13 20:11:24,464 - INFO - --- CV Summary for sub-115 - ECG_Only ---
        accuracy    roc_auc  f1_seizure  recall_seizure  precision_seizure
count  15.000000  15.000000   15.000000       15.000000          15.000000
mean    0.950685   0.816933    0.294116        0.277778           0.338947
std     0.016617   0.101616    0.156020        0.154132           0.186345
min     0.917808   0.616667    0.000000        0.000000           0.000000
25%     0.938356   0.757738    0.190909        0.166667           0.190909
50%     0.958904   0.804762    0.250000        0.200000           0.333333
75%     0.962329   0.901418    0.422222        0.400000           0.500000
max     0.972603   0.951064    0.600000        0.600000           0.666667
2025-06-13 20:11:24,464 - INFO - Generating learning curve for ECG_Only...
2025-06-13 20:11:26,831 - INFO - --- Running Cross-Validation for sub-115 - Fused_EEG_ECG ---
2025-06-13 20:11:30,726 - INFO - --- CV Summary for sub-115 - Fused_EEG_ECG ---
        accuracy    roc_auc  f1_seizure  recall_seizure  precision_seizure
count  15.000000  15.000000   15.000000       15.000000               15.0
mean    0.994521   0.993012    0.916263        0.855556                1.0
std     0.005305   0.008741    0.084156        0.139538                0.0
min     0.986301   0.971631    0.750000        0.600000                1.0
25%     0.993151   0.989450    0.888889        0.800000                1.0
50%     0.993151   0.995745    0.909091        0.833333                1.0
75%     1.000000   1.000000    1.000000        1.000000                1.0
max     1.000000   1.000000    1.000000        1.000000                1.0
2025-06-13 20:11:30,727 - INFO - Generating learning curve for Fused_EEG_ECG...
2025-06-13 20:11:32,992 - INFO - Generating plots and reports...
2025-06-13 20:11:33,814 - INFO - Best model for sub-115 is 'EEG_Only'. Generating feature importances...
2025-06-13 20:11:34,472 - INFO - --- Loading and processing data for sub-116 ---
2025-06-13 20:11:34,680 - INFO - Extracting features from EEG data...
2025-06-13 20:11:36,798 - INFO - Extracting features from ECG data...
2025-06-13 20:11:37,854 - INFO - Loaded and processed 753 aligned windows for sub-116.
2025-06-13 20:11:37,858 - INFO - --- Running Cross-Validation for sub-116 - EEG_Only ---
2025-06-13 20:11:41,638 - INFO - --- CV Summary for sub-116 - EEG_Only ---
        accuracy    roc_auc  f1_seizure  recall_seizure  precision_seizure
count  15.000000  15.000000   15.000000       15.000000          15.000000
mean    0.991597   0.994245    0.944104        0.938889           0.957187
std     0.007703   0.021796    0.055273        0.096910           0.050765
min     0.973510   0.915468    0.800000        0.666667           0.846154
25%     0.986755   1.000000    0.916667        0.916667           0.919872
50%     0.993333   1.000000    0.956522        1.000000           1.000000
75%     0.996689   1.000000    0.980000        1.000000           1.000000
max     1.000000   1.000000    1.000000        1.000000           1.000000
2025-06-13 20:11:41,638 - INFO - Generating learning curve for EEG_Only...
2025-06-13 20:11:44,092 - INFO - --- Running Cross-Validation for sub-116 - ECG_Only ---
2025-06-13 20:11:47,924 - INFO - --- CV Summary for sub-116 - ECG_Only ---
        accuracy    roc_auc  f1_seizure  recall_seizure  precision_seizure
count  15.000000  15.000000   15.000000       15.000000          15.000000
mean    0.872085   0.695654    0.205625        0.214141           0.205790
std     0.022119   0.080007    0.110406        0.121194           0.113456
min     0.834437   0.521910    0.074074        0.083333           0.066667
25%     0.857152   0.644784    0.126923        0.128788           0.133929
50%     0.866667   0.712230    0.200000        0.166667           0.187500
75%     0.890353   0.743319    0.226496        0.261364           0.250000
max     0.920000   0.825483    0.454545        0.416667           0.500000
2025-06-13 20:11:47,924 - INFO - Generating learning curve for ECG_Only...
2025-06-13 20:11:50,325 - INFO - --- Running Cross-Validation for sub-116 - Fused_EEG_ECG ---
2025-06-13 20:11:54,201 - INFO - --- CV Summary for sub-116 - Fused_EEG_ECG ---
        accuracy    roc_auc  f1_seizure  recall_seizure  precision_seizure
count  15.000000  15.000000   15.000000       15.000000          15.000000
mean    0.991155   0.991903    0.940640        0.933333           0.957187
std     0.008176   0.029693    0.059117        0.105409           0.050765
min     0.973510   0.884592    0.800000        0.666667           0.846154
25%     0.986711   0.999373    0.916667        0.916667           0.919872
50%     0.993333   1.000000    0.956522        1.000000           1.000000
75%     0.996689   1.000000    0.980000        1.000000           1.000000
max     1.000000   1.000000    1.000000        1.000000           1.000000
2025-06-13 20:11:54,202 - INFO - Generating learning curve for Fused_EEG_ECG...
2025-06-13 20:11:56,474 - INFO - Generating plots and reports...
2025-06-13 20:11:57,377 - INFO - Best model for sub-116 is 'EEG_Only'. Generating feature importances...
2025-06-13 20:11:57,909 - INFO - --- Loading and processing data for sub-118 ---
2025-06-13 20:11:58,245 - INFO - Extracting features from EEG data...
2025-06-13 20:11:58,382 - INFO - Extracting features from ECG data...
2025-06-13 20:11:58,448 - INFO - Loaded and processed 47 aligned windows for sub-118.
2025-06-13 20:11:58,448 - INFO - --- Running Cross-Validation for sub-118 - EEG_Only ---
2025-06-13 20:11:58,448 - WARNING - Not enough seizure samples (2) for 5-fold CV. Skipping EEG_Only.
2025-06-13 20:11:58,448 - INFO - --- Running Cross-Validation for sub-118 - ECG_Only ---
2025-06-13 20:11:58,448 - WARNING - Not enough seizure samples (2) for 5-fold CV. Skipping ECG_Only.
2025-06-13 20:11:58,448 - INFO - --- Running Cross-Validation for sub-118 - Fused_EEG_ECG ---
2025-06-13 20:11:58,449 - WARNING - Not enough seizure samples (2) for 5-fold CV. Skipping Fused_EEG_ECG.
2025-06-13 20:11:58,518 - INFO - --- Loading and processing data for sub-119 ---
2025-06-13 20:12:00,334 - INFO - Extracting features from EEG data...
2025-06-13 20:12:01,086 - INFO - Extracting features from ECG data...
2025-06-13 20:12:01,460 - INFO - Loaded and processed 264 aligned windows for sub-119.
2025-06-13 20:12:01,464 - INFO - --- Running Cross-Validation for sub-119 - EEG_Only ---
2025-06-13 20:12:04,773 - INFO - --- CV Summary for sub-119 - EEG_Only ---
        accuracy    roc_auc  f1_seizure  recall_seizure  precision_seizure
count  15.000000  15.000000   15.000000       15.000000          15.000000
mean    0.951959   0.990408    0.859081        0.919444           0.822155
std     0.030321   0.010725    0.082175        0.101004           0.129250
min     0.886792   0.969444    0.700000        0.625000           0.583333
25%     0.933237   0.983333    0.821053        0.875000           0.727273
50%     0.962264   0.994949    0.875000        0.888889           0.833333
75%     0.981132   1.000000    0.937255        1.000000           0.888889
max     0.981132   1.000000    0.941176        1.000000           1.000000
2025-06-13 20:12:04,774 - INFO - Generating learning curve for EEG_Only...
2025-06-13 20:12:07,105 - INFO - --- Running Cross-Validation for sub-119 - ECG_Only ---
2025-06-13 20:12:10,477 - INFO - --- CV Summary for sub-119 - ECG_Only ---
        accuracy    roc_auc  f1_seizure  recall_seizure  precision_seizure
count  15.000000  15.000000   15.000000       15.000000          15.000000
mean    0.794074   0.749371    0.318025        0.330556           0.364359
std     0.061772   0.087856    0.147746        0.184421           0.197500
min     0.641509   0.619444    0.000000        0.000000           0.000000
25%     0.761792   0.670013    0.224242        0.180556           0.261905
50%     0.792453   0.742424    0.352941        0.375000           0.333333
75%     0.830189   0.811806    0.390476        0.500000           0.464286
max     0.886792   0.883333    0.533333        0.625000           0.750000
2025-06-13 20:12:10,478 - INFO - Generating learning curve for ECG_Only...
2025-06-13 20:12:12,900 - INFO - --- Running Cross-Validation for sub-119 - Fused_EEG_ECG ---
2025-06-13 20:12:16,328 - INFO - --- CV Summary for sub-119 - Fused_EEG_ECG ---
        accuracy    roc_auc  f1_seizure  recall_seizure  precision_seizure
count  15.000000  15.000000   15.000000       15.000000          15.000000
mean    0.948258   0.986915    0.842204        0.871296           0.834113
std     0.032232   0.017948    0.087478        0.114707           0.137055
min     0.867925   0.944444    0.631579        0.625000           0.583333
25%     0.943396   0.984722    0.811765        0.875000           0.752525
50%     0.961538   0.994444    0.875000        0.875000           0.857143
75%     0.962264   0.997348    0.888889        0.944444           0.944444
max     0.981132   1.000000    0.941176        1.000000           1.000000
2025-06-13 20:12:16,328 - INFO - Generating learning curve for Fused_EEG_ECG...
2025-06-13 20:12:18,803 - INFO - Generating plots and reports...
2025-06-13 20:12:19,639 - INFO - Best model for sub-119 is 'EEG_Only'. Generating feature importances...
2025-06-13 20:12:20,187 - INFO - --- Loading and processing data for sub-121 ---
2025-06-13 20:12:20,281 - INFO - Extracting features from EEG data...
2025-06-13 20:12:20,737 - INFO - Extracting features from ECG data...
2025-06-13 20:12:20,966 - INFO - Loaded and processed 162 aligned windows for sub-121.
2025-06-13 20:12:20,966 - INFO - --- Running Cross-Validation for sub-121 - EEG_Only ---
2025-06-13 20:12:24,204 - INFO - --- CV Summary for sub-121 - EEG_Only ---
        accuracy       roc_auc  f1_seizure  recall_seizure  precision_seizure
count  15.000000  1.500000e+01   15.000000       15.000000          15.000000
mean    0.987626  1.000000e+00    0.971032        0.964286           0.985185
std     0.025619  4.196249e-17    0.060488        0.094491           0.057378
min     0.937500  1.000000e+00    0.833333        0.714286           0.777778
25%     1.000000  1.000000e+00    1.000000        1.000000           1.000000
50%     1.000000  1.000000e+00    1.000000        1.000000           1.000000
75%     1.000000  1.000000e+00    1.000000        1.000000           1.000000
max     1.000000  1.000000e+00    1.000000        1.000000           1.000000
2025-06-13 20:12:24,204 - INFO - Generating learning curve for EEG_Only...
2025-06-13 20:12:26,542 - INFO - --- Running Cross-Validation for sub-121 - ECG_Only ---
2025-06-13 20:12:29,912 - INFO - --- CV Summary for sub-121 - ECG_Only ---
        accuracy    roc_auc  f1_seizure  recall_seizure  precision_seizure
count  15.000000  15.000000   15.000000       15.000000          15.000000
mean    0.631376   0.567555    0.216884        0.234524           0.210058
std     0.078794   0.114320    0.126665        0.139773           0.129343
min     0.484848   0.397143    0.000000        0.000000           0.000000
25%     0.578125   0.479286    0.176692        0.187500           0.166667
50%     0.656250   0.551429    0.235294        0.285714           0.200000
75%     0.692235   0.678571    0.296703        0.285714           0.316667
max     0.757576   0.725000    0.375000        0.428571           0.400000
2025-06-13 20:12:29,913 - INFO - Generating learning curve for ECG_Only...
2025-06-13 20:12:32,272 - INFO - --- Running Cross-Validation for sub-121 - Fused_EEG_ECG ---
2025-06-13 20:12:35,539 - INFO - --- CV Summary for sub-121 - Fused_EEG_ECG ---
        accuracy    roc_auc  f1_seizure  recall_seizure  precision_seizure
count  15.000000  15.000000   15.000000       15.000000          15.000000
mean    0.985543   0.999238    0.966032        0.954762           0.983333
std     0.030745   0.002951    0.071153        0.097777           0.064550
min     0.906250   0.988571    0.800000        0.714286           0.750000
25%     1.000000   1.000000    1.000000        1.000000           1.000000
50%     1.000000   1.000000    1.000000        1.000000           1.000000
75%     1.000000   1.000000    1.000000        1.000000           1.000000
max     1.000000   1.000000    1.000000        1.000000           1.000000
2025-06-13 20:12:35,539 - INFO - Generating learning curve for Fused_EEG_ECG...
2025-06-13 20:12:37,920 - INFO - Generating plots and reports...
2025-06-13 20:12:38,748 - INFO - Best model for sub-121 is 'EEG_Only'. Generating feature importances...
2025-06-13 20:12:39,295 - INFO - --- Loading and processing data for sub-122 ---
2025-06-13 20:12:40,248 - INFO - Extracting features from EEG data...
2025-06-13 20:12:40,363 - INFO - Extracting features from ECG data...
2025-06-13 20:12:40,419 - INFO - Loaded and processed 39 aligned windows for sub-122.
2025-06-13 20:12:40,419 - INFO - --- Running Cross-Validation for sub-122 - EEG_Only ---
2025-06-13 20:12:43,493 - INFO - --- CV Summary for sub-122 - EEG_Only ---
        accuracy    roc_auc  f1_seizure  recall_seizure  precision_seizure
count  15.000000  15.000000   15.000000       15.000000          15.000000
mean    0.930952   0.990278    0.926349        0.900000           0.977778
std     0.094700   0.025957    0.103984        0.158114           0.086066
min     0.750000   0.916667    0.666667        0.500000           0.666667
25%     0.866071   1.000000    0.857143        0.750000           1.000000
50%     1.000000   1.000000    1.000000        1.000000           1.000000
75%     1.000000   1.000000    1.000000        1.000000           1.000000
max     1.000000   1.000000    1.000000        1.000000           1.000000
2025-06-13 20:12:43,493 - INFO - Generating learning curve for EEG_Only...
2025-06-13 20:12:45,972 - INFO - --- Running Cross-Validation for sub-122 - ECG_Only ---
2025-06-13 20:12:49,207 - INFO - --- CV Summary for sub-122 - ECG_Only ---
        accuracy    roc_auc  f1_seizure  recall_seizure  precision_seizure
count  15.000000  15.000000   15.000000       15.000000          15.000000
mean    0.495238   0.587500    0.480423        0.500000           0.480000
std     0.145459   0.180112    0.199923        0.231455           0.192745
min     0.250000   0.312500    0.000000        0.000000           0.000000
25%     0.401786   0.437500    0.366667        0.375000           0.366667
50%     0.500000   0.583333    0.500000        0.500000           0.500000
75%     0.625000   0.750000    0.633333        0.750000           0.600000
max     0.750000   0.833333    0.750000        0.750000           0.750000
2025-06-13 20:12:49,207 - INFO - Generating learning curve for ECG_Only...
2025-06-13 20:12:51,813 - INFO - --- Running Cross-Validation for sub-122 - Fused_EEG_ECG ---
2025-06-13 20:12:55,020 - INFO - --- CV Summary for sub-122 - Fused_EEG_ECG ---
        accuracy    roc_auc  f1_seizure  recall_seizure  precision_seizure
count  15.000000  15.000000   15.000000       15.000000          15.000000
mean    0.930952   0.972222    0.926349        0.900000           0.977778
std     0.094700   0.054365    0.103984        0.158114           0.086066
min     0.750000   0.812500    0.666667        0.500000           0.666667
25%     0.866071   0.968750    0.857143        0.750000           1.000000
50%     1.000000   1.000000    1.000000        1.000000           1.000000
75%     1.000000   1.000000    1.000000        1.000000           1.000000
max     1.000000   1.000000    1.000000        1.000000           1.000000
2025-06-13 20:12:55,020 - INFO - Generating learning curve for Fused_EEG_ECG...
2025-06-13 20:12:57,320 - INFO - Generating plots and reports...
2025-06-13 20:12:58,144 - INFO - Best model for sub-122 is 'EEG_Only'. Generating feature importances...
2025-06-13 20:12:58,678 - INFO - --- Loading and processing data for sub-123 ---
2025-06-13 20:12:58,796 - INFO - Extracting features from EEG data...
2025-06-13 20:12:58,964 - INFO - Extracting features from ECG data...
2025-06-13 20:12:59,046 - INFO - Loaded and processed 58 aligned windows for sub-123.
2025-06-13 20:12:59,047 - INFO - --- Running Cross-Validation for sub-123 - EEG_Only ---
2025-06-13 20:13:02,145 - INFO - --- CV Summary for sub-123 - EEG_Only ---
       accuracy  roc_auc  f1_seizure  recall_seizure  precision_seizure
count      15.0     15.0        15.0            15.0               15.0
mean        1.0      1.0         1.0             1.0                1.0
std         0.0      0.0         0.0             0.0                0.0
min         1.0      1.0         1.0             1.0                1.0
25%         1.0      1.0         1.0             1.0                1.0
50%         1.0      1.0         1.0             1.0                1.0
75%         1.0      1.0         1.0             1.0                1.0
max         1.0      1.0         1.0             1.0                1.0
2025-06-13 20:13:02,145 - INFO - Generating learning curve for EEG_Only...
2025-06-13 20:13:04,592 - INFO - --- Running Cross-Validation for sub-123 - ECG_Only ---
2025-06-13 20:13:07,876 - INFO - --- CV Summary for sub-123 - ECG_Only ---
        accuracy    roc_auc  f1_seizure  recall_seizure  precision_seizure
count  15.000000  15.000000   15.000000       15.000000          15.000000
mean    0.662121   0.682840    0.299788        0.366667           0.299048
std     0.105588   0.112065    0.183973        0.253546           0.250344
min     0.500000   0.500000    0.000000        0.000000           0.000000
25%     0.609848   0.616667    0.250000        0.333333           0.183333
50%     0.636364   0.666667    0.333333        0.333333           0.285714
75%     0.738636   0.777778    0.400000        0.500000           0.333333
max     0.909091   0.850000    0.666667        1.000000           1.000000
2025-06-13 20:13:07,877 - INFO - Generating learning curve for ECG_Only...
2025-06-13 20:13:10,335 - INFO - --- Running Cross-Validation for sub-123 - Fused_EEG_ECG ---
2025-06-13 20:13:13,479 - INFO - --- CV Summary for sub-123 - Fused_EEG_ECG ---
       accuracy  roc_auc  f1_seizure  recall_seizure  precision_seizure
count      15.0     15.0        15.0            15.0               15.0
mean        1.0      1.0         1.0             1.0                1.0
std         0.0      0.0         0.0             0.0                0.0
min         1.0      1.0         1.0             1.0                1.0
25%         1.0      1.0         1.0             1.0                1.0
50%         1.0      1.0         1.0             1.0                1.0
75%         1.0      1.0         1.0             1.0                1.0
max         1.0      1.0         1.0             1.0                1.0
2025-06-13 20:13:13,480 - INFO - Generating learning curve for Fused_EEG_ECG...
2025-06-13 20:13:15,894 - INFO - Generating plots and reports...
2025-06-13 20:13:16,710 - INFO - Best model for sub-123 is 'EEG_Only'. Generating feature importances...
2025-06-13 20:13:17,218 - INFO - --- Loading and processing data for sub-124 ---
2025-06-13 20:13:17,551 - INFO - Extracting features from EEG data...
2025-06-13 20:13:17,685 - INFO - Extracting features from ECG data...
2025-06-13 20:13:17,752 - INFO - Loaded and processed 47 aligned windows for sub-124.
2025-06-13 20:13:17,752 - INFO - --- Running Cross-Validation for sub-124 - EEG_Only ---
2025-06-13 20:13:20,841 - INFO - --- CV Summary for sub-124 - EEG_Only ---
        accuracy    roc_auc  f1_seizure  recall_seizure  precision_seizure
count  15.000000  15.000000   15.000000       15.000000          15.000000
mean    0.921481   0.981548    0.804444        0.800000           0.866667
std     0.077148   0.041670    0.187238        0.253546           0.201187
min     0.777778   0.857143    0.500000        0.500000           0.500000
25%     0.888889   1.000000    0.666667        0.500000           0.666667
50%     0.900000   1.000000    0.800000        1.000000           1.000000
75%     1.000000   1.000000    1.000000        1.000000           1.000000
max     1.000000   1.000000    1.000000        1.000000           1.000000
2025-06-13 20:13:20,842 - INFO - Generating learning curve for EEG_Only...
2025-06-13 20:13:23,235 - INFO - --- Running Cross-Validation for sub-124 - ECG_Only ---
2025-06-13 20:13:26,481 - INFO - --- CV Summary for sub-124 - ECG_Only ---
        accuracy    roc_auc  f1_seizure  recall_seizure  precision_seizure
count  15.000000  15.000000   15.000000       15.000000          15.000000
mean    0.941481   0.967262    0.826667        0.833333           0.866667
std     0.070582   0.052678    0.267617        0.308607           0.276026
min     0.777778   0.857143    0.000000        0.000000           0.000000
25%     0.888889   0.933036    0.733333        0.750000           0.833333
50%     1.000000   1.000000    1.000000        1.000000           1.000000
75%     1.000000   1.000000    1.000000        1.000000           1.000000
max     1.000000   1.000000    1.000000        1.000000           1.000000
2025-06-13 20:13:26,482 - INFO - Generating learning curve for ECG_Only...
2025-06-13 20:13:28,152 - INFO - --- Running Cross-Validation for sub-124 - Fused_EEG_ECG ---
2025-06-13 20:13:31,427 - INFO - --- CV Summary for sub-124 - Fused_EEG_ECG ---
        accuracy    roc_auc  f1_seizure  recall_seizure  precision_seizure
count  15.000000  15.000000   15.000000       15.000000          15.000000
mean    0.928889   0.976786    0.817778        0.800000           0.888889
std     0.076957   0.043454    0.193902        0.253546           0.195857
min     0.777778   0.857143    0.500000        0.500000           0.500000
25%     0.888889   0.968750    0.666667        0.500000           0.833333
50%     0.900000   1.000000    0.800000        1.000000           1.000000
75%     1.000000   1.000000    1.000000        1.000000           1.000000
max     1.000000   1.000000    1.000000        1.000000           1.000000
2025-06-13 20:13:31,427 - INFO - Generating learning curve for Fused_EEG_ECG...
2025-06-13 20:13:33,213 - INFO - Generating plots and reports...
2025-06-13 20:13:34,042 - INFO - Best model for sub-124 is 'ECG_Only'. Generating feature importances...
2025-06-13 20:13:34,509 - INFO - --- Loading and processing data for sub-125 ---
2025-06-13 20:13:35,567 - INFO - Extracting features from EEG data...
2025-06-13 20:13:35,770 - INFO - Extracting features from ECG data...
2025-06-13 20:13:35,871 - INFO - Loaded and processed 72 aligned windows for sub-125.
2025-06-13 20:13:35,874 - INFO - --- Running Cross-Validation for sub-125 - EEG_Only ---
2025-06-13 20:13:39,163 - INFO - --- CV Summary for sub-125 - EEG_Only ---
        accuracy    roc_auc  f1_seizure  recall_seizure  precision_seizure
count  15.000000  15.000000   15.000000       15.000000          15.000000
mean    0.939048   0.992407    0.907374        0.890000           0.934444
std     0.065272   0.013947    0.093450        0.107238           0.116235
min     0.785714   0.955556    0.727273        0.750000           0.666667
25%     0.928571   0.988889    0.888889        0.800000           0.900000
50%     0.933333   1.000000    0.888889        0.800000           1.000000
75%     1.000000   1.000000    1.000000        1.000000           1.000000
max     1.000000   1.000000    1.000000        1.000000           1.000000
2025-06-13 20:13:39,163 - INFO - Generating learning curve for EEG_Only...
2025-06-13 20:13:41,641 - INFO - --- Running Cross-Validation for sub-125 - ECG_Only ---
2025-06-13 20:13:45,112 - INFO - --- CV Summary for sub-125 - ECG_Only ---
        accuracy    roc_auc  f1_seizure  recall_seizure  precision_seizure
count  15.000000  15.000000   15.000000       15.000000          15.000000
mean    0.661270   0.707907    0.467143        0.443333           0.525714
std     0.115075   0.158668    0.153741        0.155686           0.201955
min     0.466667   0.425000    0.222222        0.200000           0.200000
25%     0.571429   0.616667    0.366667        0.400000           0.400000
50%     0.642857   0.712500    0.400000        0.400000           0.500000
75%     0.733333   0.827222    0.600000        0.600000           0.600000
max     0.857143   0.920000    0.750000        0.750000           1.000000
2025-06-13 20:13:45,113 - INFO - Generating learning curve for ECG_Only...
2025-06-13 20:13:47,611 - INFO - --- Running Cross-Validation for sub-125 - Fused_EEG_ECG ---
2025-06-13 20:13:50,950 - INFO - --- CV Summary for sub-125 - Fused_EEG_ECG ---
        accuracy    roc_auc  f1_seizure  recall_seizure  precision_seizure
count  15.000000  15.000000   15.000000       15.000000          15.000000
mean    0.934603   0.992407    0.899966        0.876667           0.934444
std     0.063057   0.013947    0.089920        0.104994           0.116235
min     0.785714   0.955556    0.727273        0.750000           0.666667
25%     0.928571   0.988889    0.888889        0.800000           0.900000
50%     0.933333   1.000000    0.888889        0.800000           1.000000
75%     1.000000   1.000000    1.000000        1.000000           1.000000
max     1.000000   1.000000    1.000000        1.000000           1.000000
2025-06-13 20:13:50,950 - INFO - Generating learning curve for Fused_EEG_ECG...
2025-06-13 20:13:53,376 - INFO - Generating plots and reports...
2025-06-13 20:13:54,206 - INFO - Best model for sub-125 is 'EEG_Only'. Generating feature importances...
2025-06-13 20:13:54,723 - INFO - 
Total processing time: 27.28 minutes.
2025-06-13 20:13:54,723 - INFO - 

--- Overall Performance Summary Across All Patients ---
2025-06-13 20:13:54,729 - INFO - --- Mean Performance Across All Subjects ---
               accuracy_mean  accuracy_std  f1_seizure_mean  f1_seizure_std  precision_seizure_mean  precision_seizure_std  recall_seizure_mean  recall_seizure_std  roc_auc_mean  roc_auc_std
model_name                                                                                                                                                                                    
ECG_Only            0.853800      0.059231         0.406418        0.197589                0.395311               0.219558             0.471088            0.237226      0.775769     0.128738
EEG_Only            0.959376      0.040448         0.823809        0.168256                0.832761               0.186831             0.850695            0.174381      0.965725     0.051350
Fused_EEG_ECG       0.963815      0.034518         0.821314        0.169563                0.845429               0.179783             0.831411            0.186653      0.968762     0.047865
2025-06-13 20:13:54,776 - INFO - 
Saved overall summary to /scratch/s5107318/ds005873-download/derivatives/patient_specific_rf_results/overall_summary_metrics_with_sd.csv
2025-06-13 20:13:54,776 - INFO - 
Patient-specific Random Forest modeling pipeline complete.
